drop schema if exists secondauto;

create schema secondauto;

use secondauto;

create table concessionaria (
concessionaria_id int primary key ,
città varchar(50) NOT NULL,
indirizzo varchar(100) ,
telefono varchar(15) ,
responsabile varchar(50) 
);

create table auto(
auto_id int primary key ,
marca varchar(50) ,
targa varchar(15) unique NOT NULL ,
colore varchar (20) ,
cilindrata varchar(20) ,
tipo_cambio varchar(20) ,
prezzo decimal (7,2) NOT NULL
);

create table cliente(
cliente_id int primary key ,
nome varchar (50) ,
cognome varchar (50) ,
residenza varchar (100) ,
recapito varchar(20) 
);

create table deposito(
deposito_id int ,
auto_id int NOT NULL,
concessionaria_id int NOT NULL ,
data_ingresso date,
data_uscita date
);

create table transazione(
transazione_id int primary key ,
cliente_id int NOT NULL ,
auto_id int NOT NULL ,
data date NOT NULL ,
tipo varchar(50) NOT NULL,
prezzo decimal(7,2) NOT NULL,
concessionaria_id int);


insert into transazione values
(1, 69, 33, '2012-04-05', 'acquisizione', 75148, 18),
(2, 24, 7, '2002-10-25', 'vendita', 47201, 89),
(3, 58, 52, '2010-12-19', 'acquisizione', 88897, 178),
(4, 16, 39, '2008-08-15', 'vendita', 16702, 124),
(5, 31, 23, '2007-06-02', 'acquisizione', 45404, 112),
(6, 45, 88, '2005-02-22', 'vendita', 59832, 57),
(7, 80, 6, '2006-09-14', 'acquisizione', 86184, 132),
(8, 12, 65, '2013-05-01', 'vendita', 12306, 76),
(9, 63, 46, '2011-01-07', 'acquisizione', 82422, 91),
(10, 93, 32, '2003-07-23', 'vendita', 46551, 14),
(11, 89, 57, '2017-08-09', 'acquisizione', 98141, 7),
(12, 43, 10, '2002-05-18', 'vendita', 21867, 95),
(13, 37, 56, '2016-11-30', 'acquisizione', 16054, 181),
(14, 76, 80, '2018-03-27', 'vendita', 71453, 19),
(15, 81, 98, '2004-01-12', 'acquisizione', 89245, 147),
(16, 72, 24, '2015-10-14', 'vendita', 62431, 141),
(17, 15, 36, '2014-07-07', 'acquisizione', 44132, 5),
(18, 49, 83, '2009-12-03', 'vendita', 38205, 98),
(19, 21, 65, '2019-02-26', 'acquisizione', 81279, 83),
(20, 84, 52, '2008-04-18', 'vendita', 47969, 46),
(21, 7, 20, '2001-06-29', 'acquisizione', 14931, 191),
(22, 61, 70, '2011-09-11', 'vendita', 58912, 145),
(23, 74, 98, '2010-05-03', 'acquisizione', 49776, 68),
(24, 46, 56, '2017-01-16', 'vendita', 10865, 114),
(25, 33, 42, '2003-09-30', 'acquisizione', 99176, 46),
(26, 95, 21, '2005-11-21', 'vendita', 36223, 84),
(27, 87, 45, '2013-08-03', 'acquisizione', 19155, 144),
(28, 16, 79, '2006-02-14', 'vendita', 63188, 2),
(29, 60, 33, '2018-04-07', 'acquisizione', 47701, 60),
(30, 13, 48, '2014-12-30', 'vendita', 86320, 130),
(31, 89, 79, '2007-10-21', 'acquisizione', 64943, 38),
(32, 4, 93, '2009-03-11', 'vendita', 30183, 71),
(33, 44, 63, '2016-06-02', 'acquisizione', 13679, 154),
(34, 57, 16, '2010-01-25', 'vendita', 49131, 98),
(35, 66, 88, '2002-08-14', 'acquisizione', 18186, 158),
(36, 39, 35, '2019-11-08', 'vendita', 54249, 192),
(37, 12, 49, '2004-05-31', 'acquisizione', 79384, 145),
(38, 78, 27, '2017-02-18', 'vendita', 61867, 87),
(39, 58, 74, '2008-12-11', 'acquisizione', 26033, 63),
(40, 29, 60, '2013-04-04', 'vendita', 89246, 84),
(41, 96, 16, '2011-07-25', 'acquisizione', 42874, 160),
(42, 14, 77, '2005-04-16', 'vendita', 69579, 25),
(43, 84, 53, '2012-11-06', 'acquisizione', 72582, 148),
(44, 37, 15, '2015-01-29', 'vendita', 79839, 90),
(45, 3, 82, '2003-12-21', 'acquisizione', 30583, 184),
(46, 68, 28, '2006-07-14', 'vendita', 58729, 57),
(47, 92, 61, '2018-10-07', 'acquisizione', 93948, 129),
(48, 21, 7, '2010-02-28', 'vendita', 31504, 26),
(49, 52, 69, '2009-09-22', 'acquisizione', 94802, 103),
(50, 47, 94, '2016-05-16', 'vendita', 43882, 112),
(51, 83, 12, '2002-01-07', 'acquisizione', 18050, 16),
(52, 25, 44, '2019-08-29', 'vendita', 12255, 189),
(53, 79, 81, '2008-04-21', 'acquisizione', 89798, 8),
(54, 9, 68, '2014-12-12', 'vendita', 22307, 68),
(55, 38, 92, '2012-07-03', 'acquisizione', 35245, 124),
(56, 63, 27, '2006-10-25', 'vendita', 38311, 108),
(57, 11, 16, '2001-12-14', 'acquisizione', 73436, 76),
(58, 88, 59, '2010-03-08', 'vendita', 14795, 66),
(59, 41, 71, '2005-06-29', 'acquisizione', 52113, 89),
(60, 55, 37, '2019-01-21', 'vendita', 47636, 149),
(61, 19, 66, '2009-04-12', 'acquisizione', 81422, 155),
(62, 77, 90, '2014-09-04', 'vendita', 49824, 195),
(63, 32, 25, '2017-10-26', 'acquisizione', 71136, 20),
(64, 69, 60, '2003-03-17', 'vendita', 26842, 86),
(65, 8, 99, '2007-06-08', 'acquisizione', 69285, 134),
(66, 62, 45, '2013-01-31', 'vendita', 55367, 139),
(67, 71, 23, '2011-09-18', 'acquisizione', 72669, 45),
(68, 43, 57, '2002-05-11', 'vendita', 21216, 198),
(69, 26, 38, '2016-01-03', 'acquisizione', 84390, 128),
(70, 92, 74, '2018-06-23', 'vendita', 40757, 112),
(71, 56, 92, '2004-08-15', 'acquisizione', 87717, 76),
(72, 15, 17, '2015-04-05', 'vendita', 63568, 191),
(73, 79, 55, '2013-11-25', 'acquisizione', 30307, 134),
(74, 36, 8, '2006-02-13', 'vendita', 95832, 64),
(75, 86, 41, '2001-08-07', 'acquisizione', 22809, 11),
(76, 50, 71, '2019-04-27', 'vendita', 40931, 146),
(77, 2, 78, '2009-12-19', 'acquisizione', 51736, 50),
(78, 78, 94, '2015-07-11', 'vendita', 46253, 173),
(79, 68, 11, '2011-04-03', 'acquisizione', 61095, 19),
(80, 37, 52, '2003-02-24', 'vendita', 80635, 178),
(81, 91, 66, '2017-10-10', 'acquisizione', 32915, 16),
(82, 29, 34, '2010-05-04', 'vendita', 82667, 82),
(83, 99, 49, '2008-08-27', 'acquisizione', 15457, 148),
(84, 4, 80, '2013-01-19', 'vendita', 43722, 95),
(85, 76, 15, '2006-04-11', 'acquisizione', 25921, 57),
(86, 16, 93, '2016-06-17', 'vendita', 72193, 42),
(87, 50, 40, '2011-03-09', 'acquisizione', 72947, 92),
(88, 69, 85, '2019-09-01', 'vendita', 59593, 89),
(89, 24, 1, '2002-01-21', 'acquisizione', 78649, 177),
(90, 81, 42, '2014-11-12', 'vendita', 62836, 27),
(91, 13, 72, '2005-09-04', 'acquisizione', 62119, 35),
(92, 60, 89, '2010-04-28', 'vendita', 76729, 54),
(93, 11, 48, '2004-07-19', 'acquisizione', 37269, 1),
(94, 37, 96, '2018-01-11', 'vendita', 87128, 127),
(95, 85, 18, '2012-03-06', 'acquisizione', 87498, 81),
(96, 63, 74, '2007-10-02', 'vendita', 69124, 46),
(97, 29, 53, '2016-12-26', 'acquisizione', 47253, 196),
(98, 7, 23, '2014-05-18', 'vendita', 28401, 173),
(99, 80, 75, '2002-08-08', 'acquisizione', 95280, 148),
(100, 44, 56, '2019-02-27', 'vendita', 53461, 23),
(101, 25, 9, '2009-03-23', 'acquisizione', 93642, 155),
(102, 97, 45, '2015-11-15', 'vendita', 81316, 51),
(103, 65, 71, '2011-06-08', 'acquisizione', 55452, 1),
(104, 38, 90, '2003-02-01', 'vendita', 56185, 179),
(105, 55, 63, '2017-08-26', 'acquisizione', 35646, 82),
(106, 82, 83, '2010-05-24', 'vendita', 49556, 63),
(107, 17, 23, '2008-01-15', 'acquisizione', 89235, 195),
(108, 98, 50, '2013-09-07', 'vendita', 36524, 114),
(109, 9, 61, '2006-06-30', 'acquisizione', 74345, 7),
(110, 56, 29, '2014-04-21', 'vendita', 49360, 83),
(111, 22, 91, '2001-11-12', 'acquisizione', 25961, 45),
(112, 74, 56, '2018-06-04', 'vendita', 84360, 92),
(113, 40, 77, '2016-01-28', 'acquisizione', 60172, 75),
(114, 87, 37, '2011-09-20', 'vendita', 14754, 14),
(115, 72, 24, '2010-05-03', 'acquisizione', 44814, 17),
(116, 53, 69, '2003-10-11', 'vendita', 51405, 149),
(117, 2, 75, '2007-08-03', 'acquisizione', 99147, 47),
(118, 19, 53, '2018-11-26', 'vendita', 69049, 121),
(119, 43, 10, '2002-11-16', 'acquisizione', 94801, 140),
(120, 60, 99, '2015-04-09', 'vendita', 16693, 99),
(121, 30, 60, '2013-02-01', 'acquisizione', 28573, 47),
(122, 16, 13, '2006-07-24', 'vendita', 21518, 181),
(123, 73, 91, '2001-03-09', 'acquisizione', 74147, 11),
(124, 9, 59, '2019-08-01', 'vendita', 62884, 184),
(125, 68, 68, '2010-12-25', 'acquisizione', 78197, 39),
(126, 86, 41, '2005-02-14', 'vendita', 68974, 118),
(127, 56, 50, '2014-11-07', 'acquisizione', 57971, 22),
(128, 32, 93, '2009-05-31', 'vendita', 45907, 41),
(129, 94, 80, '2001-10-25', 'acquisizione', 18053, 94),
(130, 21, 36, '2016-03-17', 'vendita', 54692, 82),
(131, 44, 44, '2012-12-07', 'acquisizione', 47703, 108),
(132, 77, 27, '2010-08-29', 'vendita', 23634, 174),
(133, 5, 71, '2004-04-21', 'acquisizione', 72968, 57),
(134, 59, 87, '2017-06-10', 'vendita', 10346, 141),
(135, 38, 72, '2008-01-04', 'acquisizione', 18583, 143),
(136, 13, 86, '2013-07-03', 'vendita', 78022, 21),
(137, 67, 2, '2007-02-24', 'acquisizione', 48139, 66),
(138, 40, 46, '2014-04-17', 'vendita', 23552, 44),
(139, 94, 55, '2002-08-17', 'acquisizione', 57821, 162),
(140, 31, 76, '2019-03-12', 'vendita', 82240, 89),
(141, 63, 29, '2010-10-04', 'acquisizione', 90176, 180),
(142, 57, 94, '2006-05-29', 'vendita', 67108, 36),
(143, 42, 12, '2003-12-18', 'acquisizione', 96735, 121),
(144, 86, 62, '2015-10-11', 'vendita', 68892, 73),
(145, 26, 99, '2001-07-04', 'acquisizione', 77350, 160),
(146, 10, 38, '2011-01-28', 'vendita', 93895, 10),
(147, 75, 25, '2004-04-03', 'acquisizione', 88364, 64),
(148, 58, 8, '2018-05-26', 'vendita', 71163, 132),
(149, 27, 95, '2008-07-18', 'acquisizione', 36578, 25),
(150, 83, 85, '2014-12-11', 'vendita', 29109, 136),
(151, 36, 46, '2011-03-26', 'acquisizione', 95188, 96),
(152, 90, 60, '2003-09-17', 'vendita', 63482, 153),
(153, 66, 69, '2017-07-08', 'acquisizione', 61384, 54),
(154, 1, 91, '2010-02-01', 'vendita', 20124, 199),
(155, 54, 3, '2005-11-24', 'acquisizione', 95137, 163),
(156, 16, 39, '2018-10-17', 'vendita', 73507, 121),
(157, 82, 94, '2007-05-10', 'acquisizione', 62084, 177),
(158, 42, 23, '2014-07-02', 'vendita', 47768, 98),
(159, 31, 78, '2002-12-27', 'acquisizione', 30671, 106),
(160, 74, 94, '2019-05-21', 'vendita', 11721, 145),
(161, 11, 89, '2006-04-16', 'acquisizione', 16039, 189),
(162, 55, 74, '2015-01-09', 'vendita', 45365, 94),
(163, 48, 59, '2008-06-04', 'acquisizione', 64245, 98),
(164, 2, 8, '2001-09-25', 'vendita', 51947, 55),
(165, 26, 51, '2018-02-17', 'acquisizione', 87406, 163),
(166, 76, 98, '2010-11-10', 'vendita', 80138, 194),
(167, 34, 5, '2003-07-04', 'acquisizione', 43810, 105),
(168, 62, 71, '2015-09-26', 'vendita', 56413, 137),
(169, 92, 18, '2002-04-19', 'acquisizione', 19095, 92),
(170, 46, 88, '2019-12-11', 'vendita', 87709, 186),
(171, 89, 70, '2008-01-31', 'acquisizione', 84846, 55),
(172, 50, 36, '2016-05-15', 'vendita', 44876, 90),
(173, 68, 71, '2011-03-10', 'acquisizione', 34142, 40),
(174, 12, 29, '2005-12-03', 'vendita', 58659, 104),
(175, 76, 6, '2018-10-25', 'acquisizione', 17657, 80),
(176, 13, 23, '2010-06-17', 'vendita', 62585, 54),
(177, 95, 51, '2001-02-08', 'acquisizione', 46441, 143),
(178, 67, 65, '2015-07-02', 'vendita', 12846, 106),
(179, 36, 77, '2002-11-26', 'acquisizione', 89605, 32),
(180, 81, 35, '2019-04-17', 'vendita', 14624, 115),
(181, 20, 76, '2007-05-12', 'acquisizione', 87386, 161),
(182, 66, 63, '2013-09-06', 'vendita', 33419, 92),
(183, 79, 92, '2011-12-31', 'acquisizione', 40723, 39),
(184, 28, 20, '2006-08-24', 'vendita', 51171, 29),
(185, 41, 41, '2003-02-14', 'acquisizione', 38277, 157),
(186, 57, 92, '2016-11-16', 'vendita', 30763, 134),
(187, 14, 66, '2010-07-08', 'acquisizione', 18983, 55),
(188, 51, 51, '2004-04-17', 'vendita', 13720, 185),
(189, 93, 36, '2002-09-07', 'acquisizione', 36594, 161),
(190, 71, 95, '2018-01-03', 'vendita', 10340, 15),
(191, 55, 13, '2009-06-26', 'acquisizione', 43299, 30),
(192, 7, 67, '2015-11-18', 'vendita', 18075, 122),
(193, 22, 77, '2006-07-11', 'acquisizione', 94735, 78),
(194, 83, 49, '2013-03-06', 'vendita', 76033, 102),
(195, 98, 82, '2011-04-29', 'acquisizione', 41542, 184),
(196, 9, 6, '2003-01-20', 'vendita', 33145, 47),
(197, 41, 73, '2008-10-12', 'acquisizione', 16686, 156),
(198, 95, 46, '2017-05-05', 'vendita', 87210, 60),
(199, 59, 98, '2010-02-18', 'acquisizione', 41251, 103),
(200, 79, 56, '2005-09-09', 'vendita', 52159, 68);

insert into auto values 
(1, 'Mercedes', 'LX735QC', 'arancione', '5.0L', 'Automatico', '52401'),
(2, 'BMW', 'TY292JI', 'rosso', '3.0L', 'Automatico', '11747'),
(3, 'Audi', 'XO247XU', 'giallo', '5.5L', 'Automatico', '66110'),
(4, 'BMW', 'FQ712RB', 'giallo', '3.5L', 'Automatico', '57246'),
(5, 'Toyota', 'IE978GE', 'giallo', '4.5L', 'Automatico', '65020'),
(6, 'BMW', 'JZ893BR', 'arancione', '1.2L', 'Automatico', '70899'),
(7, 'BMW', 'EG205PQ', 'rosa', '1.6L', 'Automatico', '52724'),
(8, 'Toyota', 'VW144UL', 'verde', '2.0L', 'Automatico', '49242'),
(9, 'Mercedes', 'HG455UH', 'verde', '4.5L', 'Automatico', '29557'),
(10, 'BMW', 'WQ119HR', 'arancione', '3.0L', 'Automatico', '59463'),
(11, 'Mercedes', 'HR945TZ', 'giallo', '5.0L', 'Manuale', '46857'),
(12, 'BMW', 'ZV630DI', 'viola', '3.5L', 'Automatico', '13872'),
(13, 'Mercedes', 'FV599TJ', 'grigio', '2.5L', 'Automatico', '52818'),
(14, 'Audi', 'XG681OQ', 'giallo', '4.5L', 'Manuale', '67316'),
(15, 'Audi', 'TF535EZ', 'rosso', '1.2L', 'Manuale', '77334'),
(16, 'Toyota', 'CB429CY', 'blu', '4.0L', 'Manuale', '49215'),
(17, 'Mercedes', 'EM774VL', 'giallo', '2.5L', 'Manuale', '33442'),
(18, 'Audi', 'MX537CX', 'arancione', '2.0L', 'Automatico', '38664'),
(19, 'Audi', 'YT870NF', 'rosso', '1.6L', 'Manuale', '66481'),
(20, 'Toyota', 'CN677MW', 'rosa', '3.5L', 'Automatico', '63535'),
(21, 'BMW', 'HR559LK', 'nero', '2.5L', 'Manuale', '48263'),
(22, 'Toyota', 'QC731SN', 'verde', '3.5L', 'Automatico', '22060'),
(23, 'Toyota', 'SX259GD', 'marrone', '1.2L', 'Manuale', '39465'),
(24, 'Mercedes', 'MQ882EF', 'viola', '1.6L', 'Automatico', '46887'),
(25, 'Mercedes', 'JG710MN', 'rosa', '4.5L', 'Manuale', '54929'),
(26, 'Audi', 'AD317PE', 'nero', '1.2L', 'Automatico', '45568'),
(27, 'Mercedes', 'LC659SJ', 'verde', '2.0L', 'Manuale', '32521'),
(28, 'Mercedes', 'XH671AQ', 'marrone', '5.0L', 'Manuale', '46448'),
(29, 'BMW', 'WV891YC', 'grigio', '5.0L', 'Manuale', '37805'),
(30, 'Toyota', 'NY979RH', 'grigio', '2.0L', 'Automatico', '69793'),
(31, 'Toyota', 'TJ910IN', 'blu', '1.6L', 'Automatico', '40656'),
(32, 'Audi', 'BR417PP', 'nero', '1.2L', 'Manuale', '74474'),
(33, 'Audi', 'FQ330KS', 'viola', '3.5L', 'Manuale', '25329'),
(34, 'Mercedes', 'IN868RY', 'verde', '5.0L', 'Manuale', '31945'),
(35, 'Toyota', 'QY228WA', 'blu', '1.2L', 'Manuale', '12047'),
(36, 'BMW', 'IL503TG', 'arancione', '5.5L', 'Automatico', '32852'),
(37, 'BMW', 'NN359VX', 'marrone', '5.0L', 'Automatico', '29552'),
(38, 'BMW', 'UH449DC', 'blu', '1.6L', 'Manuale', '73358'),
(39, 'Audi', 'ZQ772YG', 'nero', '3.5L', 'Automatico', '59073'),
(40, 'Audi', 'NT906ME', 'rosa', '3.5L', 'Automatico', '32759'),
(41, 'Audi', 'QR960AK', 'arancione', '4.0L', 'Manuale', '12474'),
(42, 'Toyota', 'KW308JU', 'giallo', '4.0L', 'Automatico', '74973'),
(43, 'Toyota', 'NU791EV', 'arancione', '3.0L', 'Automatico', '68370'),
(44, 'Audi', 'TX771NY', 'rosso', '2.0L', 'Automatico', '77548'),
(45, 'Mercedes', 'SL627UO', 'arancione', '4.0L', 'Manuale', '73323'),
(46, 'Mercedes', 'CB786ZI', 'nero', '5.0L', 'Manuale', '46304'),
(47, 'Audi', 'ML774TK', 'rosso', '3.0L', 'Manuale', '30071'),
(48, 'Toyota', 'XB553KN', 'giallo', '2.0L', 'Manuale', '16180'),
(49, 'Audi', 'HQ558MG', 'rosso', '3.0L', 'Automatico', '50758'),
(50, 'Mercedes', 'GG374NG', 'nero', '4.5L', 'Manuale', '11694'),
(51, 'BMW', 'PD203UV', 'blu', '1.2L', 'Manuale', '72602'),
(52, 'Audi', 'KG418NR', 'grigio', '1.2L', 'Automatico', '45296'),
(53, 'BMW', 'AE573ZB', 'grigio', '3.5L', 'Automatico', '26460'),
(54, 'Audi', 'CW793NS', 'rosso', '5.0L', 'Automatico', '74225'),
(55, 'BMW', 'OE186OW', 'blu', '1.2L', 'Manuale', '55146'),
(56, 'Mercedes', 'GX961LN', 'verde', '4.0L', 'Manuale', '10391'),
(57, 'Audi', 'OH211SW', 'grigio', '1.2L', 'Automatico', '35765'),
(58, 'Audi', 'ZI447PD', 'rosa', '4.5L', 'Automatico', '30217'),
(59, 'Audi', 'IS339MR', 'viola', '3.0L', 'Manuale', '61055'),
(60, 'BMW', 'XZ290IN', 'marrone', '1.6L', 'Manuale', '65349'),
(61, 'Audi', 'BV241JY', 'marrone', '5.5L', 'Manuale', '10257'),
(62, 'BMW', 'NW355PT', 'giallo', '3.0L', 'Manuale', '45616'),
(63, 'Mercedes', 'XE526MC', 'verde', '2.5L', 'Manuale', '70814'),
(64, 'Toyota', 'OD668RU', 'blu', '4.0L', 'Manuale', '79711'),
(65, 'Audi', 'TG330TJ', 'rosa', '1.6L', 'Manuale', '66938'),
(66, 'Mercedes', 'BZ642ET', 'giallo', '5.5L', 'Manuale', '59543'),
(67, 'Audi', 'CN838ZV', 'grigio', '3.5L', 'Manuale', '61336'),
(68, 'Toyota', 'FO385QY', 'giallo', '2.5L', 'Manuale', '24292'),
(69, 'Toyota', 'QA512LK', 'blu', '2.5L', 'Automatico', '22133'),
(70, 'BMW', 'VV754CT', 'marrone', '2.5L', 'Manuale', '52154'),
(71, 'Mercedes', 'WJ542TF', 'grigio', '4.5L', 'Automatico', '37679'),
(72, 'Mercedes', 'JJ776OY', 'viola', '5.0L', 'Automatico', '63200'),
(73, 'BMW', 'EL327UV', 'rosso', '1.6L', 'Automatico', '23646'),
(74, 'Audi', 'DF349IM', 'blu', '5.5L', 'Manuale', '66411'),
(75, 'Mercedes', 'KN180EN', 'verde', '4.5L', 'Manuale', '71717'),
(76, 'Audi', 'VQ444ZH', 'rosa', '1.2L', 'Automatico', '76521'),
(77, 'BMW', 'WW796QL', 'arancione', '4.0L', 'Manuale', '30141'),
(78, 'Audi', 'GY581BT', 'marrone', '3.5L', 'Manuale', '51113'),
(79, 'Audi', 'FK821LD', 'verde', '3.0L', 'Manuale', '53080'),
(80, 'BMW', 'NZ525VD', 'rosso', '2.0L', 'Automatico', '31856'),
(81, 'Audi', 'FL922CA', 'viola', '3.0L', 'Manuale', '49845'),
(82, 'Toyota', 'WV259PA', 'viola', '2.0L', 'Automatico', '27963'),
(83, 'Mercedes', 'IE764ZW', 'rosso', '1.2L', 'Manuale', '63178'),
(84, 'BMW', 'WQ556PX', 'viola', '4.5L', 'Manuale', '76036'),
(85, 'Toyota', 'EU204WS', 'rosa', '4.5L', 'Automatico', '46852'),
(86, 'Mercedes', 'PV645MF', 'rosa', '1.6L', 'Manuale', '44069'),
(87, 'Audi', 'PL517VA', 'viola', '4.5L', 'Manuale', '74462'),
(88, 'BMW', 'TP568XM', 'marrone', '2.5L', 'Automatico', '71266'),
(89, 'Toyota', 'TE932QU', 'marrone', '3.0L', 'Automatico', '52010'),
(90, 'Audi', 'UR427JJ', 'nero', '3.0L', 'Manuale', '51738'),
(91, 'BMW', 'ZJ201MW', 'giallo', '3.5L', 'Manuale', '11388'),
(92, 'Mercedes', 'GU841CS', 'nero', '4.0L', 'Automatico', '63400'),
(93, 'Audi', 'BY959GZ', 'arancione', '2.5L', 'Manuale', '67996'),
(94, 'BMW', 'XC798YO', 'grigio', '5.0L', 'Manuale', '27701'),
(95, 'Mercedes', 'DK800OL', 'marrone', '1.2L', 'Automatico', '45189'),
(96, 'BMW', 'NI502OM', 'giallo', '4.0L', 'Automatico', '14617'),
(97, 'Mercedes', 'RF400JI', 'grigio', '4.0L', 'Automatico', '59719'),
(98, 'BMW', 'XR698NV', 'verde', '2.0L', 'Automatico', '49752'),
(99, 'Mercedes', 'KJ217JQ', 'rosso', '2.0L', 'Automatico', '39547'),
(100, 'Mercedes', 'XD752OT', 'nero', '4.0L', 'Automatico', '58125'),
(101, 'Toyota', 'CF847ZP', 'blu', '1.2L', 'Manuale', '45771'),
(102, 'Mercedes', 'PB875NN', 'nero', '2.5L', 'Manuale', '45978'),
(103, 'BMW', 'CL605EC', 'viola', '4.5L', 'Automatico', '15299'),
(104, 'Audi', 'YC887EC', 'arancione', '1.2L', 'Automatico', '54748'),
(105, 'Mercedes', 'LX219BG', 'marrone', '4.5L', 'Manuale', '43948'),
(106, 'Audi', 'SN940OW', 'blu', '2.5L', 'Manuale', '11312'),
(107, 'Mercedes', 'ZZ296CP', 'giallo', '1.6L', 'Manuale', '79760'),
(108, 'Audi', 'ST143YA', 'nero', '1.6L', 'Automatico', '72022'),
(109, 'BMW', 'QI329JU', 'rosa', '1.6L', 'Manuale', '76373'),
(110, 'Toyota', 'UZ374AU', 'nero', '5.5L', 'Automatico', '12291'),
(111, 'Mercedes', 'QN573AD', 'nero', '1.2L', 'Automatico', '74321'),
(112, 'Mercedes', 'KM160LA', 'nero', '5.5L', 'Manuale', '60264'),
(113, 'Toyota', 'CW200WJ', 'verde', '5.5L', 'Manuale', '14273'),
(114, 'BMW', 'FG650TY', 'rosso', '5.5L', 'Automatico', '58941'),
(115, 'Audi', 'WY889XW', 'giallo', '4.5L', 'Automatico', '72658'),
(116, 'Audi', 'VI298UQ', 'verde', '1.2L', 'Manuale', '58802'),
(117, 'BMW', 'YH811WS', 'verde', '5.5L', 'Manuale', '66319'),
(118, 'BMW', 'QV682LN', 'verde', '4.5L', 'Manuale', '12224'),
(119, 'BMW', 'FI838PJ', 'blu', '1.6L', 'Automatico', '47768'),
(120, 'Audi', 'YL113ZR', 'nero', '1.6L', 'Manuale', '30606'),
(121, 'Toyota', 'JQ491RJ', 'verde', '2.0L', 'Automatico', '48792'),
(122, 'Audi', 'XG483CC', 'blu', '4.5L', 'Manuale', '20070'),
(123, 'Audi', 'FZ655XW', 'blu', '1.2L', 'Automatico', '12720'),
(124, 'Audi', 'RN436XF', 'nero', '1.2L', 'Manuale', '15959'),
(125, 'BMW', 'OC880CA', 'arancione', '5.5L', 'Manuale', '58349'),
(126, 'Toyota', 'XY188RY', 'verde', '4.0L', 'Automatico', '41972'),
(127, 'Mercedes', 'EW177TN', 'arancione', '3.0L', 'Automatico', '43751'),
(128, 'Toyota', 'UX638VL', 'arancione', '1.6L', 'Manuale', '71033'),
(129, 'Audi', 'TW156CI', 'rosa', '1.2L', 'Automatico', '24716'),
(130, 'Toyota', 'UK179TF', 'verde', '1.6L', 'Manuale', '70913'),
(131, 'Toyota', 'UD136XB', 'viola', '3.5L', 'Automatico', '24486'),
(132, 'Audi', 'VJ594DH', 'viola', '5.0L', 'Manuale', '10045'),
(133, 'Toyota', 'QT423LA', 'giallo', '4.5L', 'Manuale', '56266'),
(134, 'Toyota', 'PX441KC', 'verde', '3.5L', 'Automatico', '58435'),
(135, 'Audi', 'ZE654BD', 'viola', '5.0L', 'Automatico', '43564'),
(136, 'BMW', 'AG232HO', 'marrone', '3.5L', 'Manuale', '71729'),
(137, 'Toyota', 'SP576NQ', 'verde', '1.2L', 'Manuale', '61068'),
(138, 'Mercedes', 'UI834WX', 'rosso', '4.5L', 'Manuale', '40771'),
(139, 'BMW', 'LE841SQ', 'grigio', '2.5L', 'Automatico', '75362'),
(140, 'BMW', 'RO526CG', 'viola', '2.5L', 'Automatico', '54975'),
(141, 'Audi', 'EE428ND', 'giallo', '3.5L', 'Automatico', '17892'),
(142, 'Audi', 'GL832GP', 'giallo', '1.2L', 'Manuale', '65582'),
(143, 'BMW', 'ZV814WG', 'viola', '2.0L', 'Automatico', '48253'),
(144, 'Toyota', 'WP600GP', 'rosa', '1.2L', 'Manuale', '75595'),
(145, 'Toyota', 'QS840OM', 'giallo', '1.6L', 'Manuale', '56280'),
(146, 'BMW', 'HD664NA', 'arancione', '3.0L', 'Automatico', '48963'),
(147, 'Audi', 'BR134HM', 'giallo', '2.0L', 'Manuale', '56450'),
(148, 'Audi', 'TQ229GS', 'viola', '3.0L', 'Automatico', '77705'),
(149, 'Mercedes', 'DD269HY', 'giallo', '5.5L', 'Automatico', '19793'),
(150, 'Audi', 'AM699FM', 'nero', '4.5L', 'Automatico', '15957'),
(151, 'Mercedes', 'EQ844QO', 'rosa', '4.0L', 'Manuale', '60776'),
(152, 'Audi', 'NI113GJ', 'arancione', '5.0L', 'Manuale', '52638'),
(153, 'Toyota', 'RD652YZ', 'arancione', '3.0L', 'Automatico', '12092'),
(154, 'BMW', 'QD595XN', 'viola', '1.6L', 'Manuale', '77215'),
(155, 'Audi', 'LM379QG', 'viola', '3.5L', 'Automatico', '10737'),
(156, 'Audi', 'EB868BS', 'nero', '2.5L', 'Manuale', '17812'),
(157, 'Toyota', 'BM624XY', 'nero', '5.5L', 'Manuale', '46222'),
(158, 'Toyota', 'UN774MC', 'giallo', '1.2L', 'Automatico', '25740'),
(159, 'BMW', 'LI381IO', 'marrone', '4.0L', 'Automatico', '40951'),
(160, 'Audi', 'VC714IL', 'marrone', '4.0L', 'Manuale', '42980'),
(161, 'Audi', 'OA110YH', 'giallo', '1.2L', 'Automatico', '22730'),
(162, 'Audi', 'LC413PS', 'grigio', '5.5L', 'Manuale', '59744'),
(163, 'Audi', 'TE848OP', 'verde', '3.0L', 'Automatico', '13775'),
(164, 'Mercedes', 'CS785DY', 'grigio', '1.6L', 'Manuale', '74995'),
(165, 'BMW', 'CJ720XA', 'viola', '5.0L', 'Manuale', '13763'),
(166, 'Toyota', 'OV167WP', 'rosso', '4.5L', 'Manuale', '10211'),
(167, 'Mercedes', 'OI478UF', 'blu', '1.6L', 'Automatico', '56177'),
(168, 'Audi', 'KG123CZ', 'rosa', '2.5L', 'Automatico', '39792'),
(169, 'BMW', 'ZX418UC', 'giallo', '4.0L', 'Manuale', '49827'),
(170, 'Toyota', 'KL460BB', 'rosso', '5.0L', 'Manuale', '63656'),
(171, 'Toyota', 'BR480TD', 'blu', '4.5L', 'Manuale', '52451'),
(172, 'Mercedes', 'BQ310ZV', 'marrone', '4.5L', 'Automatico', '26855'),
(173, 'BMW', 'SP824ZF', 'rosa', '1.2L', 'Manuale', '17776'),
(174, 'BMW', 'KJ299VZ', 'rosso', '3.0L', 'Automatico', '66563'),
(175, 'Mercedes', 'YC670GW', 'rosso', '3.5L', 'Automatico', '18499'),
(176, 'Mercedes', 'FO678VF', 'giallo', '2.5L', 'Manuale', '77024'),
(177, 'Mercedes', 'XR361SE', 'viola', '1.6L', 'Automatico', '59634'),
(178, 'BMW', 'RH989QQ', 'grigio', '5.0L', 'Automatico', '73792'),
(179, 'Audi', 'FI185JX', 'nero', '3.5L', 'Automatico', '48098'),
(180, 'BMW', 'WQ718ZG', 'arancione', '1.6L', 'Automatico', '17958'),
(181, 'Audi', 'QF570TF', 'marrone', '1.6L', 'Automatico', '65291'),
(182, 'Toyota', 'JT145KR', 'verde', '3.5L', 'Manuale', '27815'),
(183, 'Mercedes', 'AI683PI', 'grigio', '2.0L', 'Automatico', '25801'),
(184, 'Mercedes', 'ZR833CU', 'rosso', '3.0L', 'Manuale', '12471'),
(185, 'Audi', 'OO964CE', 'rosa', '1.2L', 'Automatico', '67234'),
(186, 'Audi', 'BR698NT', 'blu', '3.5L', 'Manuale', '52620'),
(187, 'Audi', 'HL193GT', 'giallo', '1.2L', 'Manuale', '19596'),
(188, 'Audi', 'DY564VP', 'giallo', '5.5L', 'Automatico', '10147'),
(189, 'Mercedes', 'XV143NO', 'rosa', '2.0L', 'Manuale', '45283'),
(190, 'Toyota', 'JD362BB', 'rosa', '1.6L', 'Automatico', '70263'),
(191, 'Toyota', 'PU448AX', 'rosa', '5.5L', 'Automatico', '14591'),
(192, 'BMW', 'QY586MB', 'rosa', '3.0L', 'Automatico', '26279'),
(193, 'Audi', 'LF582UC', 'grigio', '2.0L', 'Automatico', '61659'),
(194, 'Mercedes', 'SU190ET', 'blu', '5.0L', 'Manuale', '25315'),
(195, 'Toyota', 'PL584SK', 'viola', '5.0L', 'Manuale', '41923'),
(196, 'Mercedes', 'QU199FU', 'viola', '3.5L', 'Manuale', '64972'),
(197, 'Toyota', 'JO813TH', 'nero', '4.0L', 'Automatico', '68951'),
(198, 'Audi', 'GF787DR', 'grigio', '3.5L', 'Automatico', '64605'),
(199, 'BMW', 'VE388BU', 'arancione', '3.0L', 'Manuale', '18574'),
(200, 'BMW', 'SQ701IF', 'blu', '1.6L', 'Automatico', '12631'),
(201, 'Mercedes', 'NS365PN', 'arancione', '5.5L', 'Manuale', '73735'),
(202, 'Mercedes', 'AX965FH', 'rosso', '4.0L', 'Automatico', '31831'),
(203, 'BMW', 'SW146IC', 'grigio', '1.2L', 'Automatico', '15526'),
(204, 'BMW', 'DB493JF', 'arancione', '2.0L', 'Manuale', '14717'),
(205, 'BMW', 'ZF356PO', 'giallo', '4.0L', 'Automatico', '49909'),
(206, 'Toyota', 'PN613OS', 'viola', '5.0L', 'Automatico', '77365'),
(207, 'Toyota', 'NM436TA', 'giallo', '2.5L', 'Automatico', '21175'),
(208, 'Audi', 'QO748WM', 'verde', '4.0L', 'Automatico', '63973'),
(209, 'BMW', 'HQ734QZ', 'arancione', '2.5L', 'Automatico', '44992'),
(210, 'BMW', 'OO722TG', 'rosso', '5.5L', 'Automatico', '39501'),
(211, 'BMW', 'HU465BF', 'grigio', '4.0L', 'Manuale', '63637'),
(212, 'BMW', 'JY295FU', 'verde', '4.0L', 'Manuale', '64738'),
(213, 'Mercedes', 'DZ787RS', 'rosa', '4.5L', 'Automatico', '53360'),
(214, 'Audi', 'TS683WB', 'blu', '5.0L', 'Manuale', '43618'),
(215, 'Audi', 'BT115EG', 'marrone', '4.5L', 'Manuale', '15094'),
(216, 'Audi', 'WK601VL', 'blu', '4.0L', 'Manuale', '61078'),
(217, 'Audi', 'JZ410YL', 'rosso', '1.2L', 'Manuale', '51547'),
(218, 'Audi', 'CV866ZW', 'nero', '1.2L', 'Manuale', '15213'),
(219, 'Toyota', 'FM210RV', 'rosa', '4.0L', 'Manuale', '33880'),
(220, 'BMW', 'TO533TF', 'grigio', '4.5L', 'Automatico', '16282'),
(221, 'BMW', 'KW534ZQ', 'blu', '5.0L', 'Manuale', '50520'),
(222, 'Mercedes', 'DQ957QC', 'marrone', '5.0L', 'Manuale', '58621'),
(223, 'Mercedes', 'HW223IB', 'nero', '2.5L', 'Manuale', '34036'),
(224, 'Toyota', 'GZ523QC', 'arancione', '3.0L', 'Manuale', '38780'),
(225, 'Audi', 'OS370PB', 'blu', '4.0L', 'Automatico', '74101'),
(226, 'Mercedes', 'YY223DY', 'arancione', '4.0L', 'Automatico', '17219'),
(227, 'Audi', 'VR724EF', 'viola', '3.0L', 'Automatico', '36502'),
(228, 'BMW', 'BW904IR', 'viola', '3.5L', 'Automatico', '55569'),
(229, 'Toyota', 'BZ446JP', 'blu', '1.2L', 'Automatico', '59920'),
(230, 'Toyota', 'XP546JK', 'giallo', '3.0L', 'Automatico', '37682'),
(231, 'Toyota', 'MM844HE', 'verde', '2.0L', 'Automatico', '24021'),
(232, 'Mercedes', 'OQ421ST', 'rosa', '5.0L', 'Manuale', '73570'),
(233, 'Mercedes', 'XT143VT', 'verde', '2.5L', 'Manuale', '12023'),
(234, 'Toyota', 'EX668OS', 'grigio', '5.0L', 'Manuale', '22986'),
(235, 'BMW', 'IP782BH', 'giallo', '3.5L', 'Manuale', '34060'),
(236, 'Toyota', 'BJ459WW', 'blu', '5.5L', 'Manuale', '45332'),
(237, 'Mercedes', 'CJ537BX', 'rosa', '2.0L', 'Manuale', '55830'),
(238, 'Audi', 'SW196HA', 'blu', '4.0L', 'Manuale', '23908'),
(239, 'Audi', 'LB441BH', 'nero', '4.5L', 'Manuale', '47354'),
(240, 'Mercedes', 'FK964YT', 'rosso', '4.5L', 'Manuale', '13560'),
(241, 'BMW', 'HN386MW', 'arancione', '2.5L', 'Manuale', '64911'),
(242, 'BMW', 'AL148JQ', 'rosa', '1.2L', 'Automatico', '52403'),
(243, 'Toyota', 'PE306SW', 'arancione', '3.0L', 'Automatico', '32676'),
(244, 'Audi', 'IU461NW', 'arancione', '2.5L', 'Automatico', '34780'),
(245, 'BMW', 'HY938TX', 'arancione', '5.0L', 'Automatico', '17672'),
(246, 'BMW', 'OK741LN', 'grigio', '2.5L', 'Automatico', '59544'),
(247, 'Audi', 'VZ547UE', 'blu', '1.2L', 'Automatico', '36727'),
(248, 'BMW', 'YO532WY', 'viola', '3.0L', 'Automatico', '76116'),
(249, 'Mercedes', 'XN303OC', 'arancione', '2.5L', 'Manuale', '11259'),
(250, 'Mercedes', 'WL337PA', 'marrone', '1.2L', 'Manuale', '10608'),
(251, 'BMW', 'BZ861WX', 'rosso', '1.2L', 'Automatico', '14412'),
(252, 'Mercedes', 'TS236FY', 'nero', '4.5L', 'Manuale', '65187'),
(253, 'Toyota', 'EG860HI', 'grigio', '5.5L', 'Manuale', '46181'),
(254, 'BMW', 'XX953WM', 'rosso', '2.0L', 'Automatico', '60299'),
(255, 'BMW', 'IZ999ZZ', 'grigio', '2.0L', 'Automatico', '11139'),
(256, 'Toyota', 'ES879BL', 'blu', '1.6L', 'Automatico', '61575'),
(257, 'BMW', 'ZT612PZ', 'blu', '2.0L', 'Automatico', '29688'),
(258, 'Audi', 'FG307II', 'rosso', '2.0L', 'Manuale', '51363'),
(259, 'Audi', 'NC759WX', 'nero', '3.5L', 'Automatico', '65429'),
(260, 'Mercedes', 'OP952RS', 'viola', '2.0L', 'Automatico', '41445'),
(261, 'Toyota', 'RB893EV', 'arancione', '3.5L', 'Manuale', '73329'),
(262, 'BMW', 'TX580IB', 'giallo', '5.5L', 'Manuale', '63713'),
(263, 'BMW', 'PK343ZM', 'marrone', '2.5L', 'Automatico', '22839'),
(264, 'Toyota', 'PK456OB', 'blu', '4.5L', 'Automatico', '15556'),
(265, 'BMW', 'LF434RU', 'nero', '3.0L', 'Manuale', '31614'),
(266, 'Audi', 'KW990ZP', 'blu', '2.0L', 'Manuale', '58485'),
(267, 'BMW', 'BZ972OU', 'giallo', '2.5L', 'Manuale', '25542'),
(268, 'Mercedes', 'DD512GV', 'viola', '2.5L', 'Manuale', '10400'),
(269, 'BMW', 'HU438YQ', 'marrone', '1.6L', 'Manuale', '12390'),
(270, 'Mercedes', 'BA171XS', 'rosso', '3.0L', 'Manuale', '70667'),
(271, 'BMW', 'BY963HG', 'arancione', '2.5L', 'Manuale', '22248'),
(272, 'BMW', 'QV228YQ', 'marrone', '5.5L', 'Manuale', '59218'),
(273, 'Audi', 'YH988HV', 'grigio', '4.0L', 'Manuale', '69070'),
(274, 'Toyota', 'TI546DO', 'rosa', '2.0L', 'Automatico', '48464'),
(275, 'BMW', 'YC107JA', 'rosso', '4.5L', 'Automatico', '34952'),
(276, 'BMW', 'OC282IY', 'grigio', '4.5L', 'Automatico', '41889'),
(277, 'Mercedes', 'SE678XZ', 'marrone', '4.5L', 'Manuale', '33970'),
(278, 'Audi', 'WY976IF', 'verde', '2.5L', 'Manuale', '15863'),
(279, 'Audi', 'GG729XC', 'marrone', '5.5L', 'Manuale', '36647'),
(280, 'BMW', 'KX157RK', 'blu', '2.5L', 'Manuale', '41912'),
(281, 'Toyota', 'KT635FX', 'rosa', '3.5L', 'Manuale', '18482'),
(282, 'Toyota', 'PI491PT', 'rosso', '1.2L', 'Manuale', '19162'),
(283, 'BMW', 'TK389IP', 'giallo', '4.5L', 'Automatico', '26857'),
(284, 'Toyota', 'AY138NL', 'nero', '3.5L', 'Manuale', '46000'),
(285, 'Audi', 'CC187LZ', 'giallo', '1.6L', 'Manuale', '47359'),
(286, 'Mercedes', 'KS375QE', 'arancione', '4.0L', 'Automatico', '26022'),
(287, 'Toyota', 'JK229XO', 'viola', '5.5L', 'Manuale', '13943'),
(288, 'Toyota', 'KR701QP', 'grigio', '2.5L', 'Manuale', '34299'),
(289, 'BMW', 'CS508YO', 'verde', '2.0L', 'Manuale', '65336'),
(290, 'Audi', 'UG894YW', 'verde', '4.0L', 'Manuale', '20456'),
(291, 'Audi', 'QR481AF', 'arancione', '2.0L', 'Manuale', '45581'),
(292, 'Toyota', 'ER420GJ', 'marrone', '1.6L', 'Automatico', '73716'),
(293, 'Mercedes', 'IB521OR', 'nero', '4.5L', 'Automatico', '53434'),
(294, 'Toyota', 'AB333SR', 'giallo', '4.5L', 'Automatico', '38776'),
(295, 'BMW', 'KM262PE', 'marrone', '3.5L', 'Automatico', '15552'),
(296, 'Mercedes', 'AR312UA', 'arancione', '2.0L', 'Manuale', '46792'),
(297, 'Mercedes', 'MU269NA', 'nero', '1.2L', 'Automatico', '76902'),
(298, 'BMW', 'AW699IT', 'marrone', '4.0L', 'Manuale', '44772'),
(299, 'BMW', 'YD579GD', 'rosso', '4.5L', 'Manuale', '53625'),
(300, 'Mercedes', 'XP354LW', 'rosso', '2.0L', 'Manuale', '17641'),
(301, 'BMW', 'UO589KN', 'marrone', '1.2L', 'Manuale', '58931'),
(302, 'Toyota', 'DF601WG', 'rosso', '3.5L', 'Manuale', '16453'),
(303, 'Toyota', 'SE690PR', 'arancione', '1.6L', 'Manuale', '77681'),
(304, 'BMW', 'FS900YK', 'rosso', '4.0L', 'Automatico', '22959'),
(305, 'Audi', 'UR870PE', 'grigio', '4.5L', 'Automatico', '61300'),
(306, 'Toyota', 'NU338OA', 'blu', '1.6L', 'Automatico', '63163'),
(307, 'Mercedes', 'PR630GG', 'rosa', '4.0L', 'Manuale', '23850'),
(308, 'Mercedes', 'ZW624MH', 'rosso', '1.6L', 'Manuale', '40378'),
(309, 'BMW', 'KL501RI', 'blu', '1.2L', 'Automatico', '62427'),
(310, 'Toyota', 'ZR750GT', 'blu', '1.2L', 'Automatico', '12896'),
(311, 'Mercedes', 'CX348LO', 'verde', '1.6L', 'Manuale', '25265'),
(312, 'Audi', 'HS127UG', 'viola', '3.5L', 'Manuale', '75163'),
(313, 'Audi', 'GN567BO', 'grigio', '1.6L', 'Manuale', '69233'),
(314, 'Mercedes', 'LY270XI', 'rosa', '1.2L', 'Manuale', '58680'),
(315, 'Mercedes', 'CX953UH', 'blu', '1.6L', 'Manuale', '65878'),
(316, 'Toyota', 'QO708IH', 'arancione', '3.0L', 'Manuale', '38966'),
(317, 'Audi', 'CA134OH', 'blu', '3.0L', 'Manuale', '10442'),
(318, 'Audi', 'DW951KH', 'viola', '3.5L', 'Automatico', '37160'),
(319, 'Mercedes', 'KN415RA', 'marrone', '1.6L', 'Manuale', '31669'),
(320, 'Toyota', 'TU453GQ', 'blu', '5.5L', 'Automatico', '10227'),
(321, 'Toyota', 'BI112AY', 'rosso', '5.5L', 'Manuale', '55921'),
(322, 'Audi', 'YG736FF', 'giallo', '3.5L', 'Manuale', '46741'),
(323, 'Toyota', 'PR583DW', 'rosa', '3.5L', 'Automatico', '25993'),
(324, 'Mercedes', 'JV280DI', 'viola', '4.0L', 'Automatico', '38434'),
(325, 'Audi', 'VH122DL', 'giallo', '5.5L', 'Automatico', '35001'),
(326, 'Toyota', 'VR314DW', 'rosa', '5.0L', 'Manuale', '65413'),
(327, 'Mercedes', 'EA359GN', 'nero', '4.0L', 'Manuale', '41010'),
(328, 'Toyota', 'QN966SJ', 'arancione', '5.0L', 'Manuale', '28978'),
(329, 'Mercedes', 'TX936MV', 'nero', '1.6L', 'Automatico', '69758'),
(330, 'Toyota', 'OS898TZ', 'arancione', '5.5L', 'Manuale', '22072'),
(331, 'BMW', 'PV691FC', 'grigio', '5.5L', 'Manuale', '62671'),
(332, 'BMW', 'XE868HQ', 'nero', '5.0L', 'Manuale', '20589'),
(333, 'BMW', 'GV516AS', 'verde', '1.2L', 'Automatico', '40029'),
(334, 'Mercedes', 'ZU973AU', 'nero', '4.5L', 'Manuale', '47126'),
(335, 'BMW', 'NA279UE', 'arancione', '2.5L', 'Manuale', '68521'),
(336, 'Audi', 'MM999YW', 'rosa', '4.5L', 'Manuale', '36201'),
(337, 'BMW', 'QV754ZI', 'marrone', '4.5L', 'Manuale', '45392'),
(338, 'Audi', 'YS709JR', 'rosa', '4.5L', 'Manuale', '31822'),
(339, 'Mercedes', 'PE412OG', 'arancione', '1.2L', 'Manuale', '52165'),
(340, 'Audi', 'OI580CB', 'marrone', '2.5L', 'Automatico', '75236'),
(341, 'Mercedes', 'PA325CE', 'giallo', '3.0L', 'Automatico', '50823'),
(342, 'Audi', 'RP624MD', 'grigio', '4.5L', 'Manuale', '39957'),
(343, 'Toyota', 'ZQ191BM', 'marrone', '5.0L', 'Manuale', '40303'),
(344, 'Toyota', 'HB892TW', 'viola', '1.2L', 'Automatico', '63561'),
(345, 'Audi', 'QQ721TK', 'viola', '3.0L', 'Automatico', '43795'),
(346, 'Mercedes', 'BS588IN', 'nero', '4.5L', 'Manuale', '77664'),
(347, 'Mercedes', 'UQ529HJ', 'rosso', '1.6L', 'Automatico', '53209'),
(348, 'BMW', 'ZO563NV', 'rosso', '4.0L', 'Automatico', '48715'),
(349, 'Audi', 'WO993HK', 'arancione', '5.5L', 'Manuale', '11683'),
(350, 'BMW', 'HB436EJ', 'giallo', '1.2L', 'Automatico', '45660'),
(351, 'Toyota', 'ZK464AI', 'nero', '3.0L', 'Automatico', '19563'),
(352, 'Toyota', 'VE787DV', 'grigio', '3.0L', 'Automatico', '32628'),
(353, 'Toyota', 'MK553FI', 'verde', '5.5L', 'Manuale', '61182'),
(354, 'BMW', 'QS314AL', 'nero', '2.0L', 'Manuale', '77701'),
(355, 'BMW', 'HW524RP', 'viola', '4.5L', 'Manuale', '26071'),
(356, 'Audi', 'HN682CG', 'nero', '5.0L', 'Automatico', '73448'),
(357, 'Audi', 'VO596XJ', 'blu', '5.5L', 'Manuale', '42735'),
(358, 'Mercedes', 'KS440DP', 'nero', '3.5L', 'Manuale', '42580'),
(359, 'BMW', 'NI127AM', 'marrone', '5.0L', 'Manuale', '35701'),
(360, 'Toyota', 'PI504KC', 'nero', '2.5L', 'Manuale', '59659'),
(361, 'Audi', 'MS773UG', 'rosso', '2.5L', 'Automatico', '55220'),
(362, 'BMW', 'YD569JZ', 'verde', '1.6L', 'Manuale', '27198'),
(363, 'BMW', 'SR375ZV', 'verde', '1.2L', 'Automatico', '59354'),
(364, 'BMW', 'VU758FR', 'arancione', '4.0L', 'Automatico', '27725'),
(365, 'BMW', 'ZY650DK', 'viola', '5.5L', 'Automatico', '55259'),
(366, 'BMW', 'LH193SC', 'viola', '5.5L', 'Manuale', '49258'),
(367, 'BMW', 'LJ458OJ', 'viola', '4.5L', 'Automatico', '13767'),
(368, 'BMW', 'HR169DZ', 'nero', '1.6L', 'Manuale', '28401'),
(369, 'Mercedes', 'QQ923KD', 'giallo', '5.0L', 'Automatico', '46945'),
(370, 'Toyota', 'UI301LG', 'giallo', '4.0L', 'Automatico', '76330'),
(371, 'Audi', 'RM941PW', 'blu', '2.0L', 'Manuale', '15544'),
(372, 'Audi', 'DV769FB', 'nero', '2.0L', 'Automatico', '54246'),
(373, 'Mercedes', 'SX967EQ', 'giallo', '3.0L', 'Automatico', '54221'),
(374, 'Toyota', 'JL923EJ', 'blu', '5.5L', 'Automatico', '51174'),
(375, 'BMW', 'GV280IG', 'rosso', '2.0L', 'Manuale', '46200'),
(376, 'Audi', 'OO954GT', 'blu', '2.5L', 'Automatico', '43391'),
(377, 'Audi', 'FP595QN', 'rosso', '3.0L', 'Manuale', '52021'),
(378, 'Mercedes', 'FL749YB', 'viola', '3.5L', 'Automatico', '30250'),
(379, 'BMW', 'EW222DT', 'viola', '2.0L', 'Manuale', '37389'),
(380, 'Audi', 'AE160ST', 'rosso', '2.5L', 'Manuale', '79723'),
(381, 'BMW', 'CP474RK', 'viola', '2.0L', 'Automatico', '35958'),
(382, 'Mercedes', 'YF517PN', 'arancione', '2.0L', 'Automatico', '71298'),
(383, 'Mercedes', 'HE823PW', 'giallo', '5.5L', 'Automatico', '54057'),
(384, 'Toyota', 'DO180NS', 'viola', '3.5L', 'Automatico', '57518'),
(385, 'BMW', 'UD170FZ', 'arancione', '3.0L', 'Automatico', '38863'),
(386, 'Audi', 'HL623WY', 'grigio', '4.0L', 'Manuale', '53887'),
(387, 'Mercedes', 'SV918VN', 'grigio', '2.0L', 'Automatico', '75643'),
(388, 'Audi', 'LL443XS', 'nero', '2.5L', 'Automatico', '35762'),
(389, 'Audi', 'QX969YJ', 'viola', '4.5L', 'Manuale', '30436'),
(390, 'Mercedes', 'CI281ZI', 'arancione', '5.5L', 'Automatico', '69780'),
(391, 'Mercedes', 'ZN439IL', 'arancione', '5.0L', 'Automatico', '76895'),
(392, 'BMW', 'FV765XC', 'marrone', '2.5L', 'Manuale', '24944'),
(393, 'Audi', 'VO811FO', 'verde', '3.0L', 'Automatico', '19857'),
(394, 'BMW', 'NL160ID', 'giallo', '5.5L', 'Automatico', '73048'),
(395, 'BMW', 'EK280GD', 'nero', '4.0L', 'Manuale', '38406'),
(396, 'Mercedes', 'VR722AQ', 'grigio', '3.5L', 'Automatico', '32973'),
(397, 'Mercedes', 'IB531OM', 'viola', '3.5L', 'Manuale', '71062'),
(398, 'Mercedes', 'HB105EI', 'viola', '1.6L', 'Manuale', '27403'),
(399, 'Audi', 'OT953WC', 'grigio', '5.5L', 'Automatico', '27862'),
(400, 'Mercedes', 'FA789GH', 'nero', '2.0L', 'Manuale', '10443'),
(401, 'Audi', 'FN359PT', 'grigio', '2.5L', 'Manuale', '71869'),
(402, 'Mercedes', 'PO836DQ', 'grigio', '3.5L', 'Manuale', '73016'),
(403, 'Mercedes', 'GJ919NK', 'nero', '1.2L', 'Manuale', '70041'),
(404, 'BMW', 'PJ203TA', 'marrone', '3.5L', 'Automatico', '49517'),
(405, 'Toyota', 'XB982PO', 'grigio', '4.0L', 'Automatico', '34438'),
(406, 'Mercedes', 'ML442RM', 'rosa', '2.5L', 'Automatico', '27989'),
(407, 'BMW', 'XG824YL', 'arancione', '1.6L', 'Automatico', '40355'),
(408, 'Audi', 'IQ681YY', 'rosso', '3.5L', 'Automatico', '60156'),
(409, 'Toyota', 'YP799KA', 'grigio', '1.2L', 'Manuale', '57857'),
(410, 'BMW', 'ZN426IG', 'blu', '4.0L', 'Automatico', '63150'),
(411, 'Toyota', 'FI732CA', 'rosa', '2.0L', 'Automatico', '35684'),
(412, 'Toyota', 'SQ805AV', 'verde', '4.5L', 'Manuale', '29706'),
(413, 'Audi', 'VI597EC', 'giallo', '5.0L', 'Manuale', '26810'),
(414, 'Audi', 'KQ900MD', 'rosso', '5.0L', 'Automatico', '30294'),
(415, 'Audi', 'QH817ST', 'verde', '2.5L', 'Automatico', '43725'),
(416, 'Toyota', 'UI886GG', 'rosso', '3.5L', 'Manuale', '22817'),
(417, 'Toyota', 'DB811LN', 'verde', '3.0L', 'Automatico', '49220'),
(418, 'BMW', 'TM119LF', 'arancione', '4.5L', 'Manuale', '44507'),
(419, 'Toyota', 'YU901SN', 'rosso', '4.5L', 'Automatico', '67527'),
(420, 'Mercedes', 'RM902GZ', 'marrone', '3.5L', 'Automatico', '32504'),
(421, 'BMW', 'SK839QT', 'giallo', '1.6L', 'Manuale', '55011'),
(422, 'Audi', 'QR998HH', 'viola', '1.6L', 'Automatico', '76481'),
(423, 'Toyota', 'CZ131FW', 'grigio', '5.0L', 'Automatico', '49153'),
(424, 'Audi', 'HD996GV', 'nero', '2.5L', 'Automatico', '37401'),
(425, 'Mercedes', 'MH346HS', 'verde', '4.5L', 'Automatico', '47942'),
(426, 'Toyota', 'BJ358KZ', 'nero', '1.2L', 'Manuale', '33706'),
(427, 'Mercedes', 'XN178VX', 'blu', '3.5L', 'Manuale', '45595'),
(428, 'BMW', 'VD502SH', 'verde', '4.0L', 'Manuale', '31526'),
(429, 'Toyota', 'DU612BY', 'rosa', '3.5L', 'Manuale', '30394'),
(430, 'Mercedes', 'GG358FW', 'rosa', '2.0L', 'Automatico', '64450'),
(431, 'Mercedes', 'PU478NN', 'grigio', '2.0L', 'Automatico', '17361'),
(432, 'Mercedes', 'JQ122OY', 'rosso', '1.6L', 'Automatico', '34547'),
(433, 'Toyota', 'YE507OP', 'viola', '2.5L', 'Automatico', '15532'),
(434, 'BMW', 'FO983DE', 'nero', '5.5L', 'Manuale', '15693'),
(435, 'Toyota', 'MK286WD', 'viola', '2.5L', 'Manuale', '72869'),
(436, 'Toyota', 'XV471WJ', 'giallo', '3.5L', 'Manuale', '37277'),
(437, 'Toyota', 'MT816DT', 'rosso', '2.0L', 'Automatico', '12343'),
(438, 'Toyota', 'PZ610HV', 'verde', '4.0L', 'Manuale', '65714'),
(439, 'Mercedes', 'NI896AX', 'viola', '5.0L', 'Automatico', '61428'),
(440, 'Toyota', 'HA224XV', 'rosso', '4.0L', 'Automatico', '40412'),
(441, 'BMW', 'BY489LT', 'verde', '2.5L', 'Manuale', '67805'),
(442, 'Toyota', 'WX929DR', 'verde', '4.0L', 'Automatico', '76629'),
(443, 'Toyota', 'WZ688JH', 'viola', '4.5L', 'Manuale', '52324'),
(444, 'Audi', 'OA996RT', 'rosso', '1.6L', 'Manuale', '44752'),
(445, 'Audi', 'NL925XZ', 'grigio', '2.0L', 'Manuale', '51374'),
(446, 'Mercedes', 'ZI411ZV', 'blu', '5.5L', 'Manuale', '37752'),
(447, 'Toyota', 'BY784FV', 'viola', '4.5L', 'Manuale', '38066'),
(448, 'Mercedes', 'LR284UU', 'rosso', '4.5L', 'Manuale', '12817'),
(449, 'Mercedes', 'JX688DM', 'viola', '5.5L', 'Automatico', '64327'),
(450, 'Audi', 'RT577DO', 'rosso', '4.0L', 'Manuale', '69449'),
(451, 'Mercedes', 'YG283GK', 'viola', '1.2L', 'Automatico', '16103'),
(452, 'Toyota', 'IW554YK', 'blu', '5.0L', 'Automatico', '64133'),
(453, 'BMW', 'CL312PT', 'nero', '4.0L', 'Manuale', '66447'),
(454, 'Audi', 'YT846ZJ', 'blu', '4.0L', 'Automatico', '17124'),
(455, 'Toyota', 'LP548CW', 'giallo', '3.5L', 'Automatico', '26690'),
(456, 'BMW', 'DR269UZ', 'giallo', '1.2L', 'Automatico', '45993'),
(457, 'Audi', 'XO839NY', 'grigio', '3.0L', 'Manuale', '21136'),
(458, 'Toyota', 'UU950NZ', 'verde', '5.0L', 'Automatico', '29766'),
(459, 'BMW', 'QN470JD', 'arancione', '1.2L', 'Manuale', '49928'),
(460, 'BMW', 'QY585KL', 'blu', '4.5L', 'Automatico', '53096'),
(461, 'Mercedes', 'YS891YH', 'arancione', '1.6L', 'Manuale', '76274'),
(462, 'Audi', 'FB340HH', 'viola', '2.5L', 'Manuale', '51964'),
(463, 'Audi', 'BD931HI', 'rosso', '3.0L', 'Manuale', '43906'),
(464, 'Mercedes', 'JL486EB', 'giallo', '4.5L', 'Manuale', '53032'),
(465, 'BMW', 'SI644NW', 'viola', '1.2L', 'Manuale', '69924'),
(466, 'Toyota', 'XC254XO', 'arancione', '4.5L', 'Manuale', '72358'),
(467, 'BMW', 'TP610VQ', 'rosso', '1.6L', 'Manuale', '69316'),
(468, 'Toyota', 'TN440DD', 'rosa', '1.2L', 'Manuale', '40098'),
(469, 'Toyota', 'QR482CA', 'rosso', '3.0L', 'Automatico', '54005'),
(470, 'Toyota', 'OJ413MQ', 'nero', '2.0L', 'Automatico', '37038'),
(471, 'Mercedes', 'DY705QG', 'arancione', '1.2L', 'Manuale', '63900'),
(472, 'Audi', 'GP977LS', 'rosso', '5.5L', 'Automatico', '58593'),
(473, 'BMW', 'II555HP', 'viola', '2.5L', 'Automatico', '11085'),
(474, 'Toyota', 'WF330HV', 'viola', '3.0L', 'Automatico', '68007'),
(475, 'Toyota', 'CY732MZ', 'giallo', '2.0L', 'Automatico', '34147'),
(476, 'BMW', 'WP382YN', 'arancione', '1.2L', 'Automatico', '38604'),
(477, 'Mercedes', 'HU315AI', 'rosa', '1.6L', 'Manuale', '62581'),
(478, 'Mercedes', 'OX954PV', 'grigio', '2.5L', 'Manuale', '19050'),
(479, 'Toyota', 'MY758ZI', 'marrone', '2.5L', 'Manuale', '18470'),
(480, 'Toyota', 'LR925SE', 'nero', '1.6L', 'Automatico', '39427'),
(481, 'Mercedes', 'CH479PE', 'marrone', '3.5L', 'Automatico', '17597'),
(482, 'Mercedes', 'OX531PB', 'marrone', '2.5L', 'Automatico', '57135'),
(483, 'Audi', 'RQ410LH', 'rosa', '2.0L', 'Manuale', '49098'),
(484, 'BMW', 'JA882FU', 'viola', '4.0L', 'Automatico', '36933'),
(485, 'BMW', 'AK384FA', 'rosa', '5.5L', 'Manuale', '53306'),
(486, 'Mercedes', 'YN346LW', 'viola', '4.5L', 'Automatico', '14240'),
(487, 'Audi', 'OU180FZ', 'nero', '3.5L', 'Manuale', '27320'),
(488, 'Audi', 'SJ309YF', 'grigio', '2.5L', 'Manuale', '22635'),
(489, 'Toyota', 'BU747HG', 'verde', '4.0L', 'Manuale', '12218'),
(490, 'Audi', 'HV545DT', 'marrone', '3.0L', 'Automatico', '29995'),
(491, 'Toyota', 'BP262HY', 'arancione', '2.5L', 'Automatico', '77822'),
(492, 'Audi', 'PE545KN', 'arancione', '4.0L', 'Automatico', '34945'),
(493, 'BMW', 'BS990LA', 'verde', '2.0L', 'Manuale', '20802'),
(494, 'BMW', 'HJ503QU', 'arancione', '3.0L', 'Manuale', '42996'),
(495, 'Mercedes', 'LC240XS', 'grigio', '3.0L', 'Manuale', '42506'),
(496, 'BMW', 'SP864ME', 'arancione', '1.6L', 'Automatico', '38147'),
(497, 'Audi', 'WM927MI', 'blu', '3.0L', 'Manuale', '69922'),
(498, 'Audi', 'AU474NV', 'blu', '4.5L', 'Manuale', '61555'),
(499, 'Mercedes', 'YN229FY', 'rosa', '2.0L', 'Manuale', '43838'),
(500, 'Audi', 'WF787IK', 'marrone', '3.0L', 'Manuale', '17608'),
(501, 'BMW', 'QG497AV', 'rosso', '2.5L', 'Manuale', '17876'),
(502, 'Audi', 'WV102CO', 'arancione', '5.0L', 'Automatico', '44509'),
(503, 'Toyota', 'DL753JH', 'rosso', '2.5L', 'Automatico', '25117'),
(504, 'Audi', 'ID301WC', 'rosa', '3.5L', 'Automatico', '12082'),
(505, 'Mercedes', 'GJ777SW', 'giallo', '3.5L', 'Automatico', '38812'),
(506, 'Audi', 'GR986FX', 'giallo', '2.5L', 'Manuale', '24686'),
(507, 'Mercedes', 'ZQ372EI', 'grigio', '2.5L', 'Manuale', '24628'),
(508, 'Toyota', 'HO975CE', 'blu', '1.6L', 'Automatico', '75371'),
(509, 'BMW', 'XI779LW', 'arancione', '1.2L', 'Manuale', '14071'),
(510, 'BMW', 'AP439PY', 'viola', '1.2L', 'Automatico', '23604'),
(511, 'Mercedes', 'NA104OM', 'rosso', '1.2L', 'Manuale', '34927'),
(512, 'Audi', 'HC485IZ', 'grigio', '2.5L', 'Automatico', '47837'),
(513, 'Audi', 'VA411EI', 'giallo', '2.5L', 'Manuale', '30753'),
(514, 'Toyota', 'PW194WH', 'verde', '1.2L', 'Automatico', '60807'),
(515, 'Audi', 'MI370XG', 'marrone', '4.0L', 'Automatico', '43091'),
(516, 'Toyota', 'RB749XC', 'giallo', '5.0L', 'Automatico', '76213'),
(517, 'BMW', 'AN239HS', 'arancione', '5.0L', 'Manuale', '49688'),
(518, 'Toyota', 'QP655DZ', 'nero', '5.0L', 'Manuale', '60542'),
(519, 'Mercedes', 'YN664FO', 'arancione', '5.5L', 'Automatico', '43395'),
(520, 'Toyota', 'FV172HY', 'verde', '3.0L', 'Automatico', '41767'),
(521, 'Toyota', 'RA695US', 'marrone', '4.0L', 'Manuale', '19887'),
(522, 'Mercedes', 'PY366SX', 'rosa', '4.5L', 'Automatico', '40110'),
(523, 'Mercedes', 'TF901GT', 'grigio', '5.0L', 'Manuale', '75508'),
(524, 'BMW', 'VH136OM', 'rosa', '1.6L', 'Automatico', '63990'),
(525, 'Toyota', 'LE285XO', 'nero', '3.0L', 'Manuale', '69671'),
(526, 'Mercedes', 'BG900DE', 'blu', '4.5L', 'Manuale', '74328'),
(527, 'Audi', 'EC569UA', 'arancione', '3.0L', 'Automatico', '71152'),
(528, 'Audi', 'NE974JF', 'nero', '2.5L', 'Manuale', '45262'),
(529, 'Toyota', 'KC404DJ', 'arancione', '3.0L', 'Automatico', '12369'),
(530, 'BMW', 'SH241KM', 'viola', '2.0L', 'Automatico', '11998'),
(531, 'Mercedes', 'NI401RH', 'giallo', '1.2L', 'Automatico', '77978'),
(532, 'BMW', 'VW552RM', 'blu', '2.0L', 'Automatico', '23675'),
(533, 'Toyota', 'KM828WD', 'blu', '4.0L', 'Manuale', '69739'),
(534, 'Toyota', 'LW682PI', 'arancione', '1.6L', 'Automatico', '14931'),
(535, 'Toyota', 'QW597YI', 'rosa', '2.0L', 'Automatico', '76747'),
(536, 'Toyota', 'UN961RZ', 'rosa', '4.0L', 'Manuale', '48003'),
(537, 'BMW', 'RX763ZR', 'blu', '2.5L', 'Manuale', '52591'),
(538, 'Mercedes', 'EX787ZN', 'nero', '3.5L', 'Manuale', '68557'),
(539, 'BMW', 'IY766ZT', 'rosso', '5.0L', 'Automatico', '23452'),
(540, 'Mercedes', 'OS784LA', 'blu', '4.5L', 'Automatico', '27720'),
(541, 'Toyota', 'SY580SA', 'nero', '3.5L', 'Manuale', '59870'),
(542, 'BMW', 'GR940ZK', 'giallo', '5.0L', 'Manuale', '15781'),
(543, 'BMW', 'QP363BR', 'grigio', '4.5L', 'Manuale', '37808'),
(544, 'BMW', 'MK109IC', 'rosa', '5.0L', 'Manuale', '28676'),
(545, 'Toyota', 'LR222ZU', 'nero', '3.5L', 'Automatico', '52495'),
(546, 'BMW', 'WK448GM', 'giallo', '5.5L', 'Automatico', '47881'),
(547, 'BMW', 'ZR653NV', 'marrone', '5.0L', 'Manuale', '64486'),
(548, 'Audi', 'PI972WN', 'rosso', '1.6L', 'Manuale', '79106'),
(549, 'Audi', 'TW407FN', 'blu', '4.5L', 'Manuale', '37514'),
(550, 'Audi', 'SN289UF', 'viola', '3.0L', 'Automatico', '54337'),
(551, 'Mercedes', 'JU501FJ', 'blu', '4.0L', 'Manuale', '28260'),
(552, 'BMW', 'FG791BH', 'verde', '5.5L', 'Automatico', '52227'),
(553, 'Mercedes', 'AL929KB', 'nero', '4.5L', 'Manuale', '30377'),
(554, 'Mercedes', 'SK658CT', 'nero', '2.5L', 'Automatico', '35018'),
(555, 'Mercedes', 'PT809XA', 'viola', '4.0L', 'Manuale', '53238'),
(556, 'Toyota', 'XC513WD', 'arancione', '3.5L', 'Automatico', '22866'),
(557, 'Toyota', 'VL669OW', 'rosso', '2.0L', 'Manuale', '70724'),
(558, 'Toyota', 'OI428TQ', 'blu', '2.5L', 'Automatico', '59467'),
(559, 'Audi', 'WT362AH', 'nero', '2.0L', 'Automatico', '53917'),
(560, 'BMW', 'QT957EQ', 'giallo', '2.5L', 'Manuale', '11426'),
(561, 'Audi', 'QB240VS', 'blu', '2.5L', 'Manuale', '15810'),
(562, 'Mercedes', 'AT249WB', 'verde', '1.6L', 'Manuale', '34645'),
(563, 'Toyota', 'FY707IX', 'viola', '3.0L', 'Automatico', '68652'),
(564, 'BMW', 'FJ361UT', 'marrone', '1.2L', 'Manuale', '26529'),
(565, 'BMW', 'ZC698HQ', 'rosso', '1.2L', 'Manuale', '26306'),
(566, 'BMW', 'WA432DM', 'rosso', '5.0L', 'Manuale', '54532'),
(567, 'Audi', 'IL264II', 'verde', '4.5L', 'Manuale', '53958'),
(568, 'Toyota', 'UJ103OJ', 'nero', '2.5L', 'Automatico', '66028'),
(569, 'Toyota', 'UY698IG', 'rosso', '5.5L', 'Automatico', '18458'),
(570, 'Toyota', 'QI159RX', 'nero', '4.5L', 'Manuale', '29762'),
(571, 'BMW', 'GF921BH', 'blu', '3.5L', 'Automatico', '26695'),
(572, 'Toyota', 'FL234PG', 'giallo', '1.6L', 'Manuale', '30449'),
(573, 'Audi', 'BR382OZ', 'nero', '3.5L', 'Automatico', '31815'),
(574, 'Toyota', 'RO242KW', 'arancione', '1.6L', 'Automatico', '60164'),
(575, 'BMW', 'IH615TY', 'verde', '4.5L', 'Automatico', '12561'),
(576, 'Toyota', 'WB533OB', 'verde', '4.0L', 'Automatico', '17838'),
(577, 'BMW', 'TZ745BD', 'blu', '4.0L', 'Automatico', '66000'),
(578, 'BMW', 'GD582FZ', 'grigio', '1.6L', 'Manuale', '23396'),
(579, 'BMW', 'CF850QJ', 'grigio', '4.0L', 'Automatico', '26017'),
(580, 'Toyota', 'QX718KU', 'grigio', '2.5L', 'Automatico', '46430'),
(581, 'Mercedes', 'QO437XZ', 'marrone', '4.0L', 'Automatico', '36486'),
(582, 'Audi', 'RG196JY', 'marrone', '2.0L', 'Manuale', '31992'),
(583, 'Audi', 'JY243AJ', 'viola', '1.2L', 'Automatico', '26242'),
(584, 'Toyota', 'PA707UB', 'blu', '3.0L', 'Manuale', '44320'),
(585, 'Audi', 'DY230ZS', 'blu', '3.5L', 'Automatico', '60225'),
(586, 'Audi', 'SZ970ON', 'arancione', '4.0L', 'Manuale', '27562'),
(587, 'Mercedes', 'IM259AA', 'grigio', '5.5L', 'Automatico', '31843'),
(588, 'BMW', 'JX396ZY', 'rosa', '5.5L', 'Manuale', '18190'),
(589, 'Toyota', 'CQ251UM', 'giallo', '4.0L', 'Automatico', '32828'),
(590, 'Toyota', 'EX642EV', 'viola', '5.0L', 'Manuale', '71808'),
(591, 'Mercedes', 'TB229YD', 'rosso', '3.0L', 'Automatico', '27558'),
(592, 'Toyota', 'VV739CX', 'viola', '1.6L', 'Automatico', '41391'),
(593, 'Audi', 'WQ887PV', 'rosso', '5.0L', 'Manuale', '53981'),
(594, 'Toyota', 'PK555XZ', 'nero', '2.5L', 'Manuale', '26258'),
(595, 'Audi', 'DS727DV', 'blu', '2.5L', 'Manuale', '13008'),
(596, 'BMW', 'QN425QD', 'blu', '3.5L', 'Manuale', '70189'),
(597, 'Mercedes', 'GF925PS', 'grigio', '4.5L', 'Manuale', '34039'),
(598, 'Mercedes', 'JB653XO', 'nero', '3.5L', 'Automatico', '39220'),
(599, 'Mercedes', 'OG453SJ', 'giallo', '1.2L', 'Manuale', '39919'),
(600, 'Mercedes', 'NM713UG', 'nero', '2.0L', 'Automatico', '37131'),
(601, 'Mercedes', 'WT276PA', 'rosa', '3.5L', 'Manuale', '11730'),
(602, 'Mercedes', 'NC552WS', 'arancione', '4.0L', 'Manuale', '47766'),
(603, 'BMW', 'HC233SY', 'viola', '5.0L', 'Manuale', '28816'),
(604, 'BMW', 'FX776XT', 'marrone', '1.2L', 'Manuale', '35944'),
(605, 'Mercedes', 'DO625LV', 'giallo', '2.0L', 'Manuale', '47971'),
(606, 'BMW', 'CE516JN', 'grigio', '5.0L', 'Automatico', '26049'),
(607, 'BMW', 'ZZ976SQ', 'arancione', '5.0L', 'Automatico', '62320'),
(608, 'BMW', 'BU922QZ', 'nero', '5.5L', 'Automatico', '55121'),
(609, 'Audi', 'TG200UG', 'arancione', '5.5L', 'Manuale', '77308'),
(610, 'Mercedes', 'OG104UO', 'grigio', '2.0L', 'Automatico', '20514'),
(611, 'Mercedes', 'RL338DT', 'verde', '5.5L', 'Automatico', '17324'),
(612, 'Mercedes', 'NN734GY', 'nero', '2.5L', 'Automatico', '57903'),
(613, 'Toyota', 'PF372LB', 'rosa', '1.2L', 'Automatico', '39527'),
(614, 'BMW', 'TS974PT', 'grigio', '1.2L', 'Automatico', '77362'),
(615, 'BMW', 'TO181WC', 'rosa', '3.5L', 'Manuale', '75053'),
(616, 'Audi', 'FU565RG', 'rosso', '5.5L', 'Automatico', '14634'),
(617, 'Toyota', 'PL245ZM', 'blu', '1.6L', 'Manuale', '35110'),
(618, 'Mercedes', 'XU425OK', 'nero', '4.5L', 'Automatico', '68950'),
(619, 'Audi', 'UI538NQ', 'rosso', '2.0L', 'Manuale', '76296'),
(620, 'Audi', 'RM209QT', 'rosa', '4.5L', 'Manuale', '63705'),
(621, 'Toyota', 'RL433LD', 'arancione', '5.0L', 'Automatico', '77665'),
(622, 'BMW', 'OB414AZ', 'rosa', '2.5L', 'Automatico', '16228'),
(623, 'Mercedes', 'RE964SK', 'blu', '1.6L', 'Manuale', '68232'),
(624, 'Toyota', 'MJ846SY', 'nero', '4.5L', 'Automatico', '14536'),
(625, 'Audi', 'HP557WY', 'arancione', '4.0L', 'Automatico', '50488'),
(626, 'Mercedes', 'KT749DI', 'giallo', '1.6L', 'Automatico', '30229'),
(627, 'Toyota', 'LJ139VC', 'verde', '1.2L', 'Manuale', '42744'),
(628, 'Audi', 'AU439HT', 'rosso', '5.0L', 'Manuale', '44312'),
(629, 'Audi', 'HZ349OO', 'nero', '4.5L', 'Manuale', '53666'),
(630, 'Audi', 'QT409ZQ', 'blu', '5.0L', 'Manuale', '60166'),
(631, 'Mercedes', 'OC574CF', 'marrone', '5.0L', 'Manuale', '27783'),
(632, 'Toyota', 'NF273HS', 'blu', '1.2L', 'Manuale', '34895'),
(633, 'Audi', 'PW665WO', 'rosso', '1.6L', 'Automatico', '56581'),
(634, 'Mercedes', 'FF470SR', 'nero', '2.0L', 'Automatico', '30123'),
(635, 'Toyota', 'IK499CH', 'giallo', '4.5L', 'Manuale', '71348'),
(636, 'Mercedes', 'SL215UA', 'marrone', '2.0L', 'Manuale', '45818'),
(637, 'Toyota', 'YQ836NY', 'rosa', '3.5L', 'Automatico', '67762'),
(638, 'Toyota', 'EA855VC', 'rosso', '5.5L', 'Manuale', '60402'),
(639, 'Audi', 'AI883JB', 'verde', '5.0L', 'Manuale', '57184'),
(640, 'BMW', 'XI919ON', 'rosso', '2.0L', 'Automatico', '56781'),
(641, 'Mercedes', 'LP968ZC', 'grigio', '2.0L', 'Automatico', '32767'),
(642, 'Mercedes', 'VC638TA', 'grigio', '3.0L', 'Automatico', '71876'),
(643, 'Toyota', 'OG844UL', 'blu', '4.5L', 'Manuale', '19611'),
(644, 'Audi', 'DE399ZS', 'marrone', '5.0L', 'Automatico', '17152'),
(645, 'Toyota', 'DS862JE', 'blu', '2.5L', 'Automatico', '46626'),
(646, 'Mercedes', 'FR531DN', 'arancione', '5.0L', 'Automatico', '31195'),
(647, 'Toyota', 'IR195CH', 'giallo', '3.5L', 'Manuale', '62215'),
(648, 'Mercedes', 'DM347JY', 'viola', '3.5L', 'Manuale', '21830'),
(649, 'Audi', 'SK785KU', 'rosa', '3.0L', 'Manuale', '55327'),
(650, 'Audi', 'WK126UT', 'arancione', '3.0L', 'Manuale', '49893'),
(651, 'Toyota', 'AD396IE', 'rosa', '2.0L', 'Manuale', '37831'),
(652, 'Audi', 'TY509KS', 'nero', '5.5L', 'Manuale', '22573'),
(653, 'Audi', 'WM889HK', 'viola', '5.5L', 'Automatico', '51563'),
(654, 'BMW', 'UB782XC', 'arancione', '2.0L', 'Automatico', '12805'),
(655, 'BMW', 'UC999CS', 'verde', '4.5L', 'Manuale', '55682'),
(656, 'Audi', 'WA365TY', 'verde', '2.5L', 'Automatico', '79903'),
(657, 'Mercedes', 'XG244KY', 'grigio', '4.0L', 'Automatico', '14516'),
(658, 'Audi', 'RC195IL', 'viola', '4.0L', 'Manuale', '74019'),
(659, 'Toyota', 'BF836CB', 'giallo', '3.0L', 'Automatico', '35723'),
(660, 'Mercedes', 'IA545GA', 'rosa', '4.5L', 'Automatico', '55052'),
(661, 'Audi', 'IJ384AQ', 'viola', '1.2L', 'Automatico', '32760'),
(662, 'Audi', 'GU355QG', 'nero', '2.5L', 'Manuale', '72891'),
(663, 'Audi', 'ON617SG', 'marrone', '1.2L', 'Manuale', '59604'),
(664, 'Audi', 'FK154TV', 'viola', '4.0L', 'Automatico', '15155'),
(665, 'Mercedes', 'LK387SL', 'marrone', '5.5L', 'Manuale', '47045'),
(666, 'BMW', 'LD858GE', 'giallo', '4.0L', 'Manuale', '20565'),
(667, 'Audi', 'RY460IO', 'arancione', '3.0L', 'Manuale', '19055'),
(668, 'BMW', 'GQ520YF', 'blu', '1.6L', 'Manuale', '44977'),
(669, 'BMW', 'VE776UL', 'verde', '3.5L', 'Automatico', '26832'),
(670, 'Audi', 'EN307WF', 'grigio', '1.6L', 'Manuale', '15914'),
(671, 'Audi', 'ZH945ZG', 'blu', '3.5L', 'Automatico', '77581'),
(672, 'Toyota', 'ZN869DK', 'nero', '4.5L', 'Manuale', '16514'),
(673, 'Mercedes', 'UK753JD', 'marrone', '2.0L', 'Manuale', '26435'),
(674, 'Audi', 'JC588TC', 'rosa', '4.5L', 'Manuale', '63982'),
(675, 'Toyota', 'CN587SH', 'grigio', '2.0L', 'Automatico', '71955'),
(676, 'Toyota', 'EX492YI', 'rosso', '1.6L', 'Manuale', '14905'),
(677, 'Audi', 'OF282DU', 'viola', '3.5L', 'Manuale', '45815'),
(678, 'Mercedes', 'RZ209SM', 'giallo', '3.5L', 'Manuale', '67452'),
(679, 'Audi', 'JA370AG', 'viola', '2.5L', 'Manuale', '29847'),
(680, 'Audi', 'JH523DP', 'rosa', '4.5L', 'Automatico', '26657'),
(681, 'Mercedes', 'VK383DK', 'verde', '1.2L', 'Automatico', '16975'),
(682, 'Toyota', 'TT801RV', 'arancione', '2.0L', 'Automatico', '51291'),
(683, 'Mercedes', 'MB344CG', 'nero', '2.0L', 'Automatico', '24562'),
(684, 'Audi', 'CB772HZ', 'verde', '4.5L', 'Automatico', '31820'),
(685, 'Toyota', 'JX173JV', 'blu', '3.5L', 'Manuale', '49115'),
(686, 'BMW', 'TV676MY', 'arancione', '4.0L', 'Automatico', '56321'),
(687, 'BMW', 'LT191HU', 'giallo', '1.6L', 'Manuale', '29087'),
(688, 'BMW', 'BX651IQ', 'rosa', '3.0L', 'Manuale', '16052'),
(689, 'Audi', 'JU221MU', 'rosso', '4.5L', 'Manuale', '65805'),
(690, 'Toyota', 'BW639BW', 'giallo', '3.5L', 'Manuale', '65528'),
(691, 'Audi', 'HG283NX', 'grigio', '2.5L', 'Automatico', '51996'),
(692, 'BMW', 'RT850UJ', 'grigio', '2.5L', 'Automatico', '29625'),
(693, 'BMW', 'ON405LP', 'viola', '1.6L', 'Automatico', '60273'),
(694, 'Toyota', 'VP655EC', 'grigio', '5.5L', 'Automatico', '44422'),
(695, 'Mercedes', 'BJ226TZ', 'marrone', '5.5L', 'Manuale', '59427'),
(696, 'BMW', 'EZ616XX', 'rosso', '5.0L', 'Manuale', '34477'),
(697, 'Audi', 'MV969XU', 'giallo', '4.0L', 'Automatico', '19063'),
(698, 'Toyota', 'SS230VO', 'verde', '1.2L', 'Manuale', '60247'),
(699, 'Mercedes', 'RL345CE', 'rosso', '1.2L', 'Manuale', '45376'),
(700, 'Audi', 'JH208KY', 'marrone', '3.5L', 'Automatico', '37202'),
(701, 'Audi', 'LZ738EO', 'grigio', '2.0L', 'Automatico', '34519'),
(702, 'Audi', 'GS122OX', 'blu', '1.6L', 'Automatico', '58783'),
(703, 'BMW', 'OY766PZ', 'rosa', '5.0L', 'Automatico', '54384'),
(704, 'BMW', 'EE985KF', 'arancione', '4.5L', 'Manuale', '76155'),
(705, 'BMW', 'XI783KV', 'blu', '5.5L', 'Manuale', '68554'),
(706, 'BMW', 'UB930SK', 'viola', '5.5L', 'Automatico', '40730'),
(707, 'BMW', 'ZQ608KV', 'grigio', '3.0L', 'Automatico', '72937'),
(708, 'Audi', 'NO391CI', 'viola', '4.0L', 'Automatico', '21972'),
(709, 'Mercedes', 'JU463GQ', 'arancione', '1.2L', 'Manuale', '14670'),
(710, 'Toyota', 'PI876XN', 'rosa', '1.2L', 'Automatico', '22781'),
(711, 'Toyota', 'QU645XX', 'rosso', '2.5L', 'Automatico', '16701'),
(712, 'Mercedes', 'WT550ZZ', 'arancione', '1.2L', 'Manuale', '30223'),
(713, 'BMW', 'MS651CO', 'nero', '3.0L', 'Manuale', '56367'),
(714, 'Toyota', 'UO338RK', 'giallo', '5.5L', 'Automatico', '31189'),
(715, 'Audi', 'CV427CO', 'giallo', '5.5L', 'Manuale', '32832'),
(716, 'Toyota', 'WR672XR', 'verde', '3.0L', 'Automatico', '64429'),
(717, 'Toyota', 'LA979JQ', 'rosa', '5.0L', 'Manuale', '67128'),
(718, 'Mercedes', 'FT222ZY', 'nero', '2.5L', 'Manuale', '22884'),
(719, 'Toyota', 'XY750YZ', 'blu', '5.5L', 'Automatico', '47131'),
(720, 'Audi', 'QT568QD', 'giallo', '3.0L', 'Manuale', '54685'),
(721, 'Audi', 'CV115EE', 'blu', '3.0L', 'Automatico', '42613'),
(722, 'Mercedes', 'SU327EP', 'nero', '2.0L', 'Automatico', '12504'),
(723, 'Audi', 'NT403FD', 'arancione', '2.5L', 'Manuale', '47307'),
(724, 'Toyota', 'AJ538AY', 'rosso', '1.6L', 'Automatico', '25655'),
(725, 'Toyota', 'DA192SB', 'rosso', '1.2L', 'Automatico', '29547'),
(726, 'Toyota', 'PT593VZ', 'arancione', '1.2L', 'Manuale', '62736'),
(727, 'Audi', 'LW644UB', 'giallo', '2.0L', 'Automatico', '19520'),
(728, 'BMW', 'UZ952CB', 'giallo', '3.5L', 'Automatico', '68441'),
(729, 'BMW', 'CM854GV', 'rosa', '2.0L', 'Automatico', '69481'),
(730, 'Mercedes', 'UB149ZU', 'marrone', '2.0L', 'Manuale', '23419'),
(731, 'BMW', 'QX147OV', 'marrone', '2.0L', 'Automatico', '60748'),
(732, 'Mercedes', 'WS169TE', 'marrone', '1.6L', 'Manuale', '41434'),
(733, 'Mercedes', 'TC438XJ', 'arancione', '3.5L', 'Manuale', '65021'),
(734, 'BMW', 'UQ892LH', 'grigio', '5.0L', 'Automatico', '28266'),
(735, 'BMW', 'QZ234NE', 'viola', '2.0L', 'Automatico', '39733'),
(736, 'Mercedes', 'FE393YZ', 'nero', '2.5L', 'Manuale', '15145'),
(737, 'Toyota', 'OE918RP', 'verde', '5.5L', 'Automatico', '57988'),
(738, 'Toyota', 'ZV155PB', 'blu', '2.5L', 'Manuale', '11938'),
(739, 'Mercedes', 'HJ794VZ', 'nero', '4.0L', 'Manuale', '35023'),
(740, 'Mercedes', 'UT361AV', 'blu', '1.6L', 'Manuale', '42606'),
(741, 'Toyota', 'RN904IG', 'marrone', '2.5L', 'Manuale', '66538'),
(742, 'BMW', 'WA959MF', 'rosa', '5.0L', 'Automatico', '43112'),
(743, 'Audi', 'JN330UK', 'arancione', '1.2L', 'Automatico', '34389'),
(744, 'BMW', 'OF241MF', 'arancione', '4.0L', 'Manuale', '24278'),
(745, 'Toyota', 'SA788PV', 'giallo', '4.5L', 'Manuale', '35277'),
(746, 'Toyota', 'OX379UT', 'rosso', '4.0L', 'Manuale', '11601'),
(747, 'Toyota', 'FD799ST', 'verde', '4.5L', 'Manuale', '16532'),
(748, 'Mercedes', 'YO974VB', 'rosa', '3.0L', 'Automatico', '12083'),
(749, 'Mercedes', 'HH398TM', 'giallo', '3.0L', 'Manuale', '65983'),
(750, 'Audi', 'LV807OY', 'grigio', '4.5L', 'Manuale', '78647'),
(751, 'BMW', 'WY885OI', 'blu', '1.2L', 'Manuale', '17800'),
(752, 'BMW', 'LQ752ZA', 'giallo', '3.0L', 'Automatico', '56476'),
(753, 'Audi', 'JU415JQ', 'nero', '4.0L', 'Automatico', '16223'),
(754, 'Toyota', 'NN721BJ', 'rosa', '1.2L', 'Manuale', '44340'),
(755, 'Audi', 'WC458AE', 'giallo', '5.0L', 'Automatico', '47381'),
(756, 'Toyota', 'QF918BS', 'grigio', '2.5L', 'Automatico', '58605'),
(757, 'BMW', 'EB767HC', 'marrone', '4.0L', 'Automatico', '57496'),
(758, 'Mercedes', 'SV141YZ', 'nero', '5.5L', 'Automatico', '39807'),
(759, 'Mercedes', 'EX439NO', 'rosa', '2.0L', 'Automatico', '25641'),
(760, 'Mercedes', 'NN608WU', 'giallo', '4.5L', 'Automatico', '16993'),
(761, 'BMW', 'IF604VL', 'giallo', '5.0L', 'Automatico', '76676'),
(762, 'Audi', 'ZP903TP', 'blu', '4.5L', 'Automatico', '52478'),
(763, 'Mercedes', 'SC800EV', 'verde', '4.0L', 'Manuale', '46124'),
(764, 'BMW', 'SM999IJ', 'rosa', '1.6L', 'Automatico', '18721'),
(765, 'BMW', 'YV237WB', 'blu', '2.5L', 'Manuale', '21087'),
(766, 'Toyota', 'GJ371OQ', 'marrone', '2.0L', 'Automatico', '35823'),
(767, 'BMW', 'SF671BA', 'grigio', '2.0L', 'Manuale', '50030'),
(768, 'Audi', 'OS779JZ', 'nero', '2.5L', 'Manuale', '63853'),
(769, 'Audi', 'UQ523VU', 'giallo', '1.6L', 'Manuale', '33198'),
(770, 'Toyota', 'CB654CH', 'grigio', '4.5L', 'Automatico', '58326'),
(771, 'Audi', 'AT933NH', 'arancione', '3.5L', 'Manuale', '77860'),
(772, 'Audi', 'UY900ZE', 'blu', '2.0L', 'Automatico', '14580'),
(773, 'Mercedes', 'UX861SL', 'blu', '5.0L', 'Automatico', '17557'),
(774, 'Toyota', 'NA596AB', 'grigio', '4.0L', 'Manuale', '23363'),
(775, 'Audi', 'PN393RZ', 'giallo', '4.5L', 'Manuale', '43360'),
(776, 'Toyota', 'KZ639JB', 'rosa', '2.0L', 'Manuale', '74935'),
(777, 'Mercedes', 'PL304RN', 'arancione', '5.5L', 'Manuale', '20354'),
(778, 'Mercedes', 'GT815KS', 'grigio', '1.6L', 'Manuale', '68739'),
(779, 'Toyota', 'HT226JJ', 'grigio', '5.0L', 'Automatico', '50416'),
(780, 'Mercedes', 'MX334UQ', 'arancione', '3.0L', 'Manuale', '59045'),
(781, 'Audi', 'RF507KH', 'marrone', '3.0L', 'Automatico', '18601'),
(782, 'Mercedes', 'VW948ZT', 'arancione', '2.5L', 'Manuale', '20193'),
(783, 'Toyota', 'CW920KY', 'rosa', '4.5L', 'Automatico', '62302'),
(784, 'BMW', 'CE378PW', 'arancione', '1.2L', 'Automatico', '74677'),
(785, 'BMW', 'IP606LX', 'rosa', '1.6L', 'Automatico', '25775'),
(786, 'Toyota', 'PS552BS', 'blu', '3.0L', 'Automatico', '47102'),
(787, 'Audi', 'CM488BU', 'rosso', '1.2L', 'Automatico', '37545'),
(788, 'Mercedes', 'TI974XB', 'arancione', '3.0L', 'Manuale', '57155'),
(789, 'Mercedes', 'SX694EH', 'blu', '3.5L', 'Automatico', '68175'),
(790, 'Audi', 'ZE875CA', 'arancione', '3.0L', 'Automatico', '52960'),
(791, 'Mercedes', 'BC291UA', 'marrone', '2.5L', 'Automatico', '65529'),
(792, 'Toyota', 'XF281NQ', 'arancione', '2.0L', 'Manuale', '48154'),
(793, 'BMW', 'XA809HG', 'nero', '3.5L', 'Manuale', '69147'),
(794, 'Mercedes', 'OE768HU', 'arancione', '2.5L', 'Automatico', '50327'),
(795, 'Audi', 'EN220CY', 'grigio', '5.5L', 'Manuale', '72417'),
(796, 'Toyota', 'WS624BU', 'nero', '2.5L', 'Manuale', '28580'),
(797, 'BMW', 'DP896BZ', 'verde', '1.2L', 'Manuale', '57599'),
(798, 'Audi', 'QQ625IA', 'rosa', '5.5L', 'Automatico', '15656'),
(799, 'Audi', 'KH112QY', 'rosso', '4.5L', 'Automatico', '32999'),
(800, 'Audi', 'GL196TB', 'grigio', '3.0L', 'Automatico', '11818'),
(801, 'Toyota', 'UH869UP', 'marrone', '5.5L', 'Manuale', '63531'),
(802, 'Toyota', 'YI971AE', 'arancione', '1.2L', 'Automatico', '66247'),
(803, 'BMW', 'VK566EY', 'nero', '3.5L', 'Automatico', '73638'),
(804, 'Audi', 'FC266MG', 'rosso', '4.5L', 'Manuale', '47567'),
(805, 'BMW', 'BV140NN', 'verde', '2.0L', 'Automatico', '19485'),
(806, 'Toyota', 'VB522XF', 'viola', '5.5L', 'Manuale', '50127'),
(807, 'Toyota', 'CN811RU', 'rosa', '1.6L', 'Automatico', '46669'),
(808, 'Mercedes', 'OH393BL', 'viola', '1.2L', 'Automatico', '78183'),
(809, 'BMW', 'OB306BO', 'blu', '1.2L', 'Manuale', '44905'),
(810, 'Mercedes', 'QL878NZ', 'rosso', '2.0L', 'Manuale', '24785'),
(811, 'Mercedes', 'YO735CB', 'giallo', '4.5L', 'Manuale', '18391'),
(812, 'Audi', 'BM668UM', 'grigio', '1.6L', 'Automatico', '54123'),
(813, 'Audi', 'VI793ZB', 'nero', '1.2L', 'Manuale', '48905'),
(814, 'Mercedes', 'NQ100US', 'rosso', '3.0L', 'Automatico', '30855'),
(815, 'Mercedes', 'KJ859RX', 'arancione', '4.0L', 'Automatico', '12432'),
(816, 'BMW', 'LO643AQ', 'giallo', '5.0L', 'Automatico', '19050'),
(817, 'Toyota', 'RH336ZW', 'verde', '5.0L', 'Automatico', '15106'),
(818, 'Mercedes', 'YF231FR', 'rosso', '3.5L', 'Manuale', '65847'),
(819, 'BMW', 'DD974QN', 'grigio', '5.5L', 'Manuale', '73421'),
(820, 'Audi', 'AL918TZ', 'nero', '2.0L', 'Manuale', '66048'),
(821, 'BMW', 'MM338GC', 'blu', '4.0L', 'Automatico', '52726'),
(822, 'BMW', 'UA948AR', 'verde', '4.0L', 'Automatico', '79720'),
(823, 'Audi', 'OB658WC', 'rosso', '3.5L', 'Automatico', '38349'),
(824, 'Toyota', 'LP325QR', 'grigio', '3.0L', 'Automatico', '66310'),
(825, 'Audi', 'NY772XT', 'rosa', '3.0L', 'Automatico', '79285'),
(826, 'BMW', 'PN713ID', 'marrone', '1.6L', 'Automatico', '53555'),
(827, 'Audi', 'IX572XL', 'viola', '3.5L', 'Automatico', '69211'),
(828, 'Toyota', 'PZ827EQ', 'arancione', '1.2L', 'Automatico', '66966'),
(829, 'Audi', 'AN950WA', 'nero', '5.0L', 'Automatico', '38163'),
(830, 'BMW', 'AU465CP', 'giallo', '1.6L', 'Manuale', '18559'),
(831, 'Mercedes', 'CD950QY', 'blu', '4.5L', 'Automatico', '34507'),
(832, 'BMW', 'YH644VE', 'rosa', '2.0L', 'Automatico', '44924'),
(833, 'Toyota', 'RC380EI', 'rosso', '2.5L', 'Manuale', '26285'),
(834, 'Mercedes', 'BI750CZ', 'verde', '3.5L', 'Automatico', '64336'),
(835, 'Mercedes', 'XO631TN', 'viola', '2.0L', 'Manuale', '44755'),
(836, 'BMW', 'YK455MZ', 'viola', '3.5L', 'Manuale', '54679'),
(837, 'Audi', 'LU830OQ', 'verde', '1.2L', 'Automatico', '25473'),
(838, 'Mercedes', 'UK252NN', 'giallo', '4.5L', 'Manuale', '44021'),
(839, 'Mercedes', 'UK284TO', 'blu', '1.2L', 'Automatico', '40593'),
(840, 'Mercedes', 'TO987ZQ', 'verde', '4.5L', 'Manuale', '62134'),
(841, 'Toyota', 'ZE605HZ', 'viola', '3.5L', 'Manuale', '21276'),
(842, 'Toyota', 'AT106DX', 'giallo', '1.6L', 'Automatico', '45424'),
(843, 'Mercedes', 'EP554GP', 'nero', '4.5L', 'Automatico', '41657'),
(844, 'Toyota', 'GR413KN', 'blu', '3.5L', 'Automatico', '64272'),
(845, 'Toyota', 'HG184NY', 'grigio', '1.2L', 'Manuale', '46345'),
(846, 'Toyota', 'MA902QE', 'nero', '3.5L', 'Manuale', '41515'),
(847, 'Audi', 'PP663GS', 'blu', '1.6L', 'Manuale', '16698'),
(848, 'Audi', 'WK735EK', 'verde', '4.0L', 'Manuale', '65286'),
(849, 'Mercedes', 'KG120FR', 'arancione', '3.5L', 'Manuale', '65910'),
(850, 'BMW', 'HE717DW', 'grigio', '1.6L', 'Manuale', '57569'),
(851, 'Mercedes', 'OP885FA', 'viola', '2.5L', 'Automatico', '26483'),
(852, 'Mercedes', 'VB948WN', 'grigio', '3.5L', 'Manuale', '18890'),
(853, 'BMW', 'LI277GD', 'blu', '1.6L', 'Manuale', '71701'),
(854, 'Mercedes', 'VW501NG', 'nero', '3.0L', 'Manuale', '54394'),
(855, 'BMW', 'IN994ZU', 'nero', '5.0L', 'Manuale', '67423'),
(856, 'Audi', 'LM424GA', 'blu', '2.0L', 'Manuale', '58814'),
(857, 'Audi', 'LS114KK', 'blu', '2.0L', 'Automatico', '62119'),
(858, 'Audi', 'FH292MT', 'verde', '5.5L', 'Automatico', '28964'),
(859, 'BMW', 'HQ309AD', 'verde', '3.5L', 'Manuale', '73904'),
(860, 'Audi', 'MC364ZC', 'arancione', '3.0L', 'Automatico', '61627'),
(861, 'Toyota', 'UB164JS', 'marrone', '1.2L', 'Automatico', '44105'),
(862, 'BMW', 'MY589XT', 'nero', '4.0L', 'Manuale', '68588'),
(863, 'Toyota', 'JW202DG', 'rosa', '5.0L', 'Automatico', '32734'),
(864, 'Toyota', 'WK351VG', 'grigio', '2.5L', 'Automatico', '28777'),
(865, 'Audi', 'CJ897SG', 'arancione', '1.6L', 'Automatico', '21810'),
(866, 'Toyota', 'XA351AP', 'grigio', '1.2L', 'Automatico', '75997'),
(867, 'Mercedes', 'BN813TZ', 'blu', '4.5L', 'Manuale', '74946'),
(868, 'Toyota', 'MS558QU', 'blu', '5.5L', 'Manuale', '22922'),
(869, 'Audi', 'MD603RG', 'blu', '2.5L', 'Automatico', '74302'),
(870, 'BMW', 'CR536RX', 'rosa', '4.5L', 'Manuale', '10051'),
(871, 'Mercedes', 'TO617II', 'marrone', '2.5L', 'Manuale', '12850'),
(872, 'Toyota', 'CD401GJ', 'blu', '1.2L', 'Automatico', '79382'),
(873, 'BMW', 'XM871QE', 'marrone', '3.0L', 'Automatico', '24171'),
(874, 'Toyota', 'YM924MB', 'giallo', '3.5L', 'Manuale', '19423'),
(875, 'Mercedes', 'EZ480FQ', 'rosso', '1.6L', 'Automatico', '30250'),
(876, 'BMW', 'VV494RI', 'viola', '3.0L', 'Manuale', '70103'),
(877, 'Audi', 'LH352TY', 'arancione', '1.6L', 'Automatico', '18252'),
(878, 'Toyota', 'NX991NN', 'marrone', '2.0L', 'Manuale', '67476'),
(879, 'Audi', 'UB829MM', 'rosa', '2.5L', 'Manuale', '23755'),
(880, 'Mercedes', 'CT814YN', 'rosa', '4.5L', 'Manuale', '67473'),
(881, 'Mercedes', 'KB425OU', 'grigio', '5.0L', 'Automatico', '65139'),
(882, 'Mercedes', 'ZV528KD', 'rosso', '2.5L', 'Automatico', '51929'),
(883, 'Mercedes', 'IS848NE', 'blu', '3.5L', 'Automatico', '74579'),
(884, 'Mercedes', 'BF988DN', 'rosa', '1.2L', 'Manuale', '48290'),
(885, 'Mercedes', 'UV189PL', 'rosa', '1.2L', 'Automatico', '25045'),
(886, 'BMW', 'OG637VX', 'verde', '5.0L', 'Automatico', '25820'),
(887, 'Audi', 'CP747QW', 'verde', '5.0L', 'Automatico', '28294'),
(888, 'BMW', 'GQ155DU', 'marrone', '1.6L', 'Automatico', '35350'),
(889, 'BMW', 'GR326JM', 'blu', '2.0L', 'Manuale', '73120'),
(890, 'BMW', 'RO730ZJ', 'marrone', '1.2L', 'Manuale', '34712'),
(891, 'Toyota', 'DY747UA', 'arancione', '1.6L', 'Automatico', '56349'),
(892, 'Toyota', 'QS673HJ', 'grigio', '4.0L', 'Automatico', '62382'),
(893, 'BMW', 'RP978DT', 'viola', '2.0L', 'Automatico', '41087'),
(894, 'Toyota', 'SD607VG', 'rosa', '2.0L', 'Automatico', '76529'),
(895, 'Mercedes', 'YO241TL', 'marrone', '4.0L', 'Automatico', '75269'),
(896, 'Audi', 'YJ360AI', 'arancione', '5.0L', 'Manuale', '72369'),
(897, 'Mercedes', 'ZT290SY', 'blu', '3.0L', 'Automatico', '71856'),
(898, 'Toyota', 'XD365VR', 'marrone', '5.5L', 'Manuale', '59149'),
(899, 'Mercedes', 'FH737HR', 'blu', '2.0L', 'Manuale', '77151'),
(900, 'BMW', 'LR685PW', 'arancione', '4.5L', 'Automatico', '76743'),
(901, 'Mercedes', 'YL316XA', 'nero', '5.0L', 'Manuale', '39324'),
(902, 'BMW', 'EB140GK', 'blu', '4.5L', 'Automatico', '26110'),
(903, 'Toyota', 'BQ404VY', 'verde', '3.5L', 'Automatico', '40081'),
(904, 'Mercedes', 'IM349ER', 'rosso', '1.2L', 'Automatico', '70030'),
(905, 'Mercedes', 'KL528CO', 'verde', '1.2L', 'Automatico', '31426'),
(906, 'Audi', 'EN565KS', 'rosa', '2.5L', 'Automatico', '60716'),
(907, 'Toyota', 'QK471VI', 'nero', '3.5L', 'Manuale', '79556'),
(908, 'Toyota', 'FV394VP', 'rosso', '4.0L', 'Automatico', '29571'),
(909, 'Toyota', 'DJ569EV', 'nero', '3.0L', 'Automatico', '63036'),
(910, 'BMW', 'SV572UA', 'giallo', '2.5L', 'Automatico', '74970'),
(911, 'BMW', 'KV436MU', 'rosso', '4.0L', 'Automatico', '21418'),
(912, 'Audi', 'KL564PI', 'grigio', '5.0L', 'Automatico', '67768'),
(913, 'Audi', 'IY180NH', 'nero', '2.5L', 'Manuale', '76189'),
(914, 'Toyota', 'CE694TM', 'nero', '4.5L', 'Automatico', '35179'),
(915, 'Audi', 'TF595HP', 'blu', '2.5L', 'Automatico', '77983'),
(916, 'BMW', 'BF706PZ', 'giallo', '4.5L', 'Automatico', '32059'),
(917, 'Mercedes', 'PQ158VY', 'grigio', '1.2L', 'Manuale', '25376'),
(918, 'Toyota', 'RU248YY', 'giallo', '5.5L', 'Automatico', '58156'),
(919, 'Mercedes', 'TE764RZ', 'arancione', '4.5L', 'Manuale', '48197'),
(920, 'Audi', 'AX799GF', 'giallo', '3.5L', 'Manuale', '65757'),
(921, 'Mercedes', 'RK639GD', 'viola', '4.5L', 'Manuale', '75404'),
(922, 'Audi', 'WD176FD', 'rosa', '3.5L', 'Manuale', '78958'),
(923, 'Audi', 'MO698AH', 'nero', '4.0L', 'Automatico', '78777'),
(924, 'Mercedes', 'ZD698JE', 'giallo', '5.0L', 'Manuale', '17637'),
(925, 'Toyota', 'EN244DR', 'arancione', '1.2L', 'Manuale', '21622'),
(926, 'BMW', 'VC654WJ', 'verde', '3.5L', 'Automatico', '50799'),
(927, 'BMW', 'QV172YV', 'grigio', '3.5L', 'Automatico', '77695'),
(928, 'Audi', 'GN487KE', 'rosso', '4.0L', 'Manuale', '12594'),
(929, 'BMW', 'LH917NK', 'giallo', '3.5L', 'Automatico', '32415'),
(930, 'Mercedes', 'KV586TD', 'rosa', '2.5L', 'Manuale', '73871'),
(931, 'Toyota', 'DK264ES', 'rosso', '5.0L', 'Manuale', '15676'),
(932, 'Toyota', 'HJ252QC', 'rosso', '4.5L', 'Automatico', '42085'),
(933, 'Mercedes', 'HX903WZ', 'grigio', '2.0L', 'Automatico', '10375'),
(934, 'Toyota', 'FQ399IC', 'verde', '1.2L', 'Automatico', '75987'),
(935, 'BMW', 'OF477JG', 'rosa', '5.5L', 'Automatico', '49628'),
(936, 'Mercedes', 'EL107RL', 'blu', '5.5L', 'Automatico', '11605'),
(937, 'BMW', 'MX825VT', 'grigio', '2.5L', 'Automatico', '29565'),
(938, 'Audi', 'RX283SD', 'rosso', '4.5L', 'Automatico', '68159'),
(939, 'Audi', 'JA552BY', 'verde', '3.5L', 'Automatico', '52444'),
(940, 'Audi', 'UB843CD', 'arancione', '5.5L', 'Manuale', '32647'),
(941, 'Toyota', 'OD285PS', 'viola', '4.5L', 'Manuale', '70329'),
(942, 'BMW', 'QL104KJ', 'nero', '1.2L', 'Manuale', '47988'),
(943, 'Mercedes', 'TA806FA', 'grigio', '1.2L', 'Automatico', '70114'),
(944, 'Mercedes', 'UV920JE', 'rosa', '3.0L', 'Manuale', '59027'),
(945, 'Mercedes', 'ES504IO', 'rosa', '1.2L', 'Manuale', '32655'),
(946, 'BMW', 'LX128WK', 'rosso', '2.0L', 'Automatico', '49198'),
(947, 'Audi', 'CR845CZ', 'marrone', '5.5L', 'Automatico', '22733'),
(948, 'BMW', 'VG715XR', 'rosso', '5.5L', 'Manuale', '58304'),
(949, 'BMW', 'EO150KY', 'nero', '4.5L', 'Manuale', '40827'),
(950, 'Mercedes', 'QV547CK', 'nero', '4.0L', 'Manuale', '19462'),
(951, 'Toyota', 'PI222JR', 'viola', '4.0L', 'Automatico', '57159'),
(952, 'BMW', 'AB535VD', 'verde', '5.0L', 'Manuale', '14529'),
(953, 'Audi', 'NH729KR', 'rosa', '1.2L', 'Manuale', '20566'),
(954, 'Mercedes', 'TB804KR', 'marrone', '5.0L', 'Automatico', '70378'),
(955, 'Toyota', 'JV961UK', 'grigio', '4.0L', 'Manuale', '15782'),
(956, 'Toyota', 'RN378WD', 'verde', '2.0L', 'Manuale', '34174'),
(957, 'Mercedes', 'GH437IG', 'verde', '2.0L', 'Automatico', '42911'),
(958, 'Toyota', 'EL182DW', 'viola', '1.6L', 'Manuale', '41060'),
(959, 'Mercedes', 'WS913XN', 'rosso', '3.5L', 'Automatico', '52925'),
(960, 'BMW', 'UZ786JN', 'verde', '4.5L', 'Manuale', '42815'),
(961, 'Mercedes', 'GE831EH', 'viola', '4.0L', 'Automatico', '66417'),
(962, 'BMW', 'YO769HP', 'blu', '5.0L', 'Manuale', '75346'),
(963, 'Audi', 'JI588HO', 'rosso', '4.5L', 'Automatico', '12590'),
(964, 'BMW', 'YF345ZE', 'verde', '5.5L', 'Manuale', '32433'),
(965, 'Mercedes', 'TE120NN', 'viola', '4.5L', 'Manuale', '73236'),
(966, 'BMW', 'HF568VS', 'blu', '1.6L', 'Automatico', '51591'),
(967, 'Mercedes', 'LT484TB', 'grigio', '5.0L', 'Manuale', '65366'),
(968, 'Audi', 'SW895PX', 'verde', '1.6L', 'Manuale', '58474'),
(969, 'Audi', 'JJ834IW', 'giallo', '2.5L', 'Manuale', '32110'),
(970, 'Audi', 'EB686DZ', 'giallo', '5.0L', 'Automatico', '21629'),
(971, 'BMW', 'UZ387MD', 'nero', '3.5L', 'Automatico', '49671'),
(972, 'Mercedes', 'SL435QH', 'rosso', '1.6L', 'Automatico', '64581'),
(973, 'Mercedes', 'TU871QF', 'marrone', '4.5L', 'Manuale', '21328'),
(974, 'Audi', 'BK461BN', 'rosa', '4.0L', 'Manuale', '34613'),
(975, 'Mercedes', 'AB988SB', 'grigio', '3.0L', 'Manuale', '48155'),
(976, 'Toyota', 'PA376YW', 'grigio', '3.0L', 'Manuale', '19525'),
(977, 'Audi', 'XX622YW', 'rosso', '3.0L', 'Automatico', '79348'),
(978, 'Mercedes', 'JQ896RQ', 'viola', '2.0L', 'Automatico', '27332'),
(979, 'Toyota', 'YB149GL', 'verde', '5.5L', 'Manuale', '40407'),
(980, 'BMW', 'WZ307GA', 'verde', '4.0L', 'Automatico', '10862'),
(981, 'Audi', 'LX384OR', 'marrone', '4.5L', 'Manuale', '79070'),
(982, 'Audi', 'KT636QM', 'rosa', '2.5L', 'Manuale', '12091'),
(983, 'Audi', 'MF935PU', 'arancione', '4.0L', 'Automatico', '37345'),
(984, 'Toyota', 'OX269BM', 'blu', '3.5L', 'Automatico', '18047'),
(985, 'BMW', 'XS500FV', 'arancione', '4.0L', 'Automatico', '22672'),
(986, 'Mercedes', 'KH776VV', 'verde', '4.5L', 'Manuale', '75953'),
(987, 'Mercedes', 'WI724AX', 'marrone', '3.5L', 'Automatico', '38543'),
(988, 'BMW', 'DJ678BF', 'rosso', '4.0L', 'Automatico', '60699'),
(989, 'Toyota', 'TF305KU', 'rosa', '3.0L', 'Manuale', '37930'),
(990, 'BMW', 'MG422UA', 'rosa', '1.6L', 'Manuale', '60140'),
(991, 'Toyota', 'YO557BG', 'arancione', '3.5L', 'Manuale', '24496'),
(992, 'Audi', 'XQ671MF', 'verde', '2.0L', 'Manuale', '16010'),
(993, 'Mercedes', 'RT255EC', 'grigio', '3.0L', 'Automatico', '24015'),
(994, 'BMW', 'AC651PA', 'rosa', '1.6L', 'Manuale', '23627'),
(995, 'Audi', 'GE434HB', 'rosso', '4.0L', 'Manuale', '77028'),
(996, 'Toyota', 'EK280RO', 'viola', '3.0L', 'Automatico', '72300'),
(997, 'BMW', 'GT208VD', 'blu', '1.2L', 'Automatico', '29521'),
(998, 'Audi', 'CF463FC', 'blu', '5.5L', 'Manuale', '52343'),
(999, 'BMW', 'ME519BM', 'viola', '1.6L', 'Automatico', '33732'),
(1000, 'Mercedes', 'SD790HI', 'arancione', '3.0L', 'Automatico', '21029');


insert into cliente values
(1, 'Giovanni', 'Serra', 'Largo Antonio Gramsci 11', '123456'),
(2, 'Chiara', 'Grasso', 'Piazza Umberto Biancamano 97', '123456'),
(3, 'Sara', 'Ferrari', 'Viale Antonio Locatelli 1', '123456'),
(4, 'Gianluca', 'Amato', 'Via Ippolito Nievo 25', '123456'),
(5, 'Andrea', 'Coppola', 'Via Luigi Sturzo 71', '123456'),
(6, 'Cinzia', 'Bruno', 'Viale Enrico Berlinguer 47', '123456'),
(7, 'Salvatore', 'Vitale', 'Piazza Carlo Azeglio Ciampi 111', '123456'),
(8, 'Marco', 'Palmieri', 'Via Massimo D Alema 29', '123456'),
(9, 'Mara', 'Longo', 'Viale Ippolito Nievo 71', '123456'),
(10, 'Giuseppe', 'Grasso', 'Viale Giuseppe Saragat 44', '123456'),
(11, 'Giulia', 'Bernardi', 'Viale Paolo Borsellino 61', '123456'),
(12, 'Emma', 'Fabbri', 'Viale Emilio De Bono 1', '123456'),
(13, 'Riccardo', 'Galli', 'Via Gianfranco Fini 45', '123456'),
(14, 'Emma', 'Villa', 'Via Carlo Sforza 47', '123456'),
(15, 'Angelica', 'Gallo', 'Viale Gianfranco Fini 7', '123456'),
(16, 'Francesca', 'Caputo', 'Largo Giuseppe Melchiorre Serrati 105', '123456'),
(17, 'Antonio', 'Paris', 'Via Bettino Craxi 57', '123456'),
(18, 'Tommaso', 'Romano', 'Via Ippolito Nievo 25', '123456'),
(19, 'Rita', 'Fontana', 'Largo Guido Keller 120', '123456'),
(20, 'Eleonora', 'Esposito', 'Piazza Umberto Cagni 64', '123456'),
(21, 'Mario', 'De Rosa', 'Piazza Palmiro Togliatti 16', '123456'),
(22, 'Francesco', 'Amato', 'Viale Giovanni Boano 93', '123456'),
(23, 'Vittoria', 'Martini', 'Viale Pietro Frugoni 12', '123456'),
(24, 'Marta', 'Rossi', 'Largo Ruggero Ricciardi 67', '123456'),
(25, 'Sabrina', 'Conti', 'Via Massimo D Alema 14', '123456'),
(26, 'Ginevra', 'Gentile', 'Largo Giuseppe Garibaldi II 71', '123456'),
(27, 'Linda', 'Coppola', 'Piazza Emma Bonino 27', '123456'),
(28, 'Matteo', 'Martinelli', 'Via Giovanni Battista Agnese 28', '123456'),
(29, 'Francesco', 'Gallo', 'Via Gianfranco Fini 119', '123456'),
(30, 'Giuseppe', 'Fiore', 'Via Carlo Azeglio Ciampi 26', '123456'),
(31, 'Sara', 'Rossi', 'Via Giuliano Amato 10', '123456'),
(32, 'Roberto', 'Palumbo', 'Viale Enrico Berlinguer 110', '123456'),
(33, 'Gabriele', 'Colombo', 'Viale Carlo Pecorini 28', '123456'),
(34, 'Michela', 'Ferrara', 'Largo Giuseppe Saragat 75', '123456'),
(35, 'Silvia', 'Amato', 'Viale Emilio De Bono 116', '123456'),
(36, 'Sofia', 'Moretti', 'Via Ruggero Ricciardi 90', '123456'),
(37, 'Eva', 'Serra', 'Piazza Massimo D Alema 96', '123456'),
(38, 'Giuseppe', 'Grasso', 'Via Luigi Volpicelli 38', '123456'),
(39, 'Chiara', 'Caputo', 'Via Aldo Moro 90', '123456'),
(40, 'Raffaele', 'Greco', 'Via Giovanni Leone 46', '123456'),
(41, 'Sabrina', 'Sorrentino', 'Viale Giuseppe Garibaldi II 65', '123456'),
(42, 'Stefania', 'Pellegrino', 'Piazza Umberto Biancamano 95', '123456'),
(43, 'Samuele', 'Santoro', 'Viale Alcide De Gasperi 95', '123456'),
(44, 'Alberto', 'Vitale', 'Piazza Pietro Badoglio 94', '123456'),
(45, 'Silvia', 'Pellegrino', 'Viale Carlo Azeglio Ciampi 40', '123456'),
(46, 'Fabio', 'Serra', 'Largo Giuseppe Melchiorre Serrati 56', '123456'),
(47, 'Salvatore', 'Greco', 'Piazza Andrea Graziani 56', '123456'),
(48, 'Marta', 'De Santis', 'Via Carlo Azeglio Ciampi 33', '123456'),
(49, 'Alice', 'Pellegrino', 'Via Luigi Volpicelli 1', '123456'),
(50, 'Claudio', 'Villa', 'Viale Massimo D Alema 110', '123456'),
(51, 'Rosa', 'Caruso', 'Largo Giovanni Pascoli 21', '123456'),
(52, 'Stefano', 'Palumbo', 'Viale Giulio Andreotti 56', '123456'),
(53, 'Giacomo', 'Romano', 'Largo Giuseppe Melchiorre Serrati 39', '123456'),
(54, 'Claudio', 'Ferrari', 'Largo Andrea Graziani 115', '123456'),
(55, 'Lara', 'De Santis', 'Largo Pietro Badoglio 36', '123456'),
(56, 'Cinzia', 'Grasso', 'Via Giuseppe Saragat 67', '123456'),
(57, 'Silvia', 'Fiore', 'Via Enrico Mattei 111', '123456'),
(58, 'Giacomo', 'Lombardo', 'Piazza Palmiro Togliatti 62', '123456'),
(59, 'Beatrice', 'Amato', 'Viale Bettino Craxi 111', '123456'),
(60, 'Nicole', 'Marchetti', 'Piazza Antonio Di Pietro 19', '123456'),
(61, 'Giovanni', 'De Filippo', 'Via Carlo Sforza 56', '123456'),
(62, 'Gabriele', 'Gallo', 'Piazza Alcide De Gasperi 67', '123456'),
(63, 'Raffaele', 'Martini', 'Largo Giuseppe Garibaldi II 68', '123456'),
(64, 'Rita', 'Grasso', 'Via Emanuele Filiberto di Savoia-Aosta 120', '123456'),
(65, 'Emma', 'Ferri', 'Viale Giuseppe Garibaldi II 99', '123456'),
(66, 'Sara', 'Conti', 'Piazza Carlo Sforza 84', '123456'),
(67, 'Filippo', 'Colombo', 'Largo Paolo Borsellino 112', '123456'),
(68, 'Lucia', 'Ferrari', 'Piazza Carlo Sforza 47', '123456'),
(69, 'Giovanni', 'Grasso', 'Piazza Enrico Tellini 12', '123456'),
(70, 'Rocco', 'Catalano', 'Via Giovanni Pascoli 63', '123456'),
(71, 'Clara', 'Palumbo', 'Viale Orazio Giustiniani 44', '123456'),
(72, 'Irene', 'Martino', 'Viale Andrea Graziani 47', '123456'),
(73, 'Miriam', 'De Santis', 'Via Giovanni Boano 82', '123456'),
(74, 'Giovanni', 'Marino', 'Viale Umberto Cagni 32', '123456'),
(75, 'Federica', 'Longo', 'Via Giuseppe Melchiorre Serrati 73', '123456'),
(76, 'Serena', 'Martinelli', 'Via Alcide De Gasperi 108', '123456'),
(77, 'Rosa', 'Conti', 'Piazza Silvio Berlusconi 22', '123456'),
(78, 'Sabrina', 'Martini', 'Largo Giuseppe Melchiorre Serrati 6', '123456'),
(79, 'Stefano', 'Costa', 'Piazza Enrico Caviglia 46', '123456'),
(80, 'Roberto', 'Costa', 'Via Alcide De Gasperi 100', '123456'),
(81, 'Giacomo', 'Costa', 'Viale Enrico Tellini 99', '123456'),
(82, 'Alice', 'Martinelli', 'Largo Giuseppe Giardino 52', '123456'),
(83, 'Anna', 'Ferrari', 'Piazza Gianfranco Fini 83', '123456'),
(84, 'Alessandro', 'Mancini', 'Viale Giulietto Chiesa 105', '123456'),
(85, 'Sofia', 'Bruno', 'Largo Enrico Berlinguer 16', '123456'),
(86, 'Mara', 'Lombardi', 'Via Rita Levi-Montalcini 14', '123456'),
(87, 'Eleonora', 'Coppola', 'Via Pietro Badoglio 22', '123456'),
(88, 'Alessandro', 'Esposito', 'Piazza Alcide De Gasperi 83', '123456'),
(89, 'Lorenzo', 'Paris', 'Largo Silvio Berlusconi 38', '123456'),
(90, 'Valentina', 'Pellegrino', 'Largo Silvio Berlusconi 52', '123456'),
(91, 'Matteo', 'Greco', 'Largo Giuseppe Saragat 89', '123456'),
(92, 'Gabriele', 'Ferrari', 'Viale Carlo Pecorini 24', '123456'),
(93, 'Vincenzo', 'Bianchi', 'Via Emanuele Filiberto di Savoia-Aosta 56', '123456'),
(94, 'Christian', 'Marino', 'Largo Massimo D Alema 91', '123456'),
(95, 'Alberto', 'De Angelis', 'Piazza Enrico Tellini 5', '123456'),
(96, 'Serena', 'Leone', 'Via Luigi Rizzo 107', '123456'),
(97, 'Paolo', 'Bruno', 'Piazza Luigi Rizzo 14', '123456'),
(98, 'Silvia', 'Martini', 'Largo Andrea Graziani 49', '123456'),
(99, 'Veronica', 'Paris', 'Viale Luigi Facta 62', '123456'),
(100, 'Cristian', 'Palmieri', 'Via Pietro Badoglio 33', '123456'),
(101, 'Paolo', 'Serra', 'Largo Emanuele Filiberto di Savoia-Aosta 110', '123456'),
(102, 'Emma', 'Santoro', 'Viale Ippolito Nievo 30', '123456'),
(103, 'Francesca', 'Ferrara', 'Via Carlo Pecorini 15', '123456'),
(104, 'Giacomo', 'Moretti', 'Largo Luigi Rizzo 65', '123456'),
(105, 'Stefania', 'Ferrari', 'Piazza Carlo Sforza 117', '123456'),
(106, 'Tommaso', 'Conte', 'Largo Giovanni Pascoli 119', '123456'),
(107, 'Elisa', 'Galli', 'Via Franco Frattini 100', '123456'),
(108, 'Andrea', 'Ferrara', 'Largo Bettino Craxi 49', '123456'),
(109, 'Gabriele', 'Ferri', 'Viale Giovanni Pascoli 99', '123456'),
(110, 'Isabella', 'Coppola', 'Largo Paolo Borsellino 21', '123456'),
(111, 'Carla', 'Villa', 'Via Rita Levi-Montalcini 37', '123456'),
(112, 'Davide', 'Catalano', 'Via Aldo Moro 45', '123456'),
(113, 'Simone', 'Fiore', 'Piazza Palmiro Togliatti 63', '123456'),
(114, 'Arianna', 'Bernardi', 'Via Umberto Cagni 106', '123456'),
(115, 'Irene', 'Marino', 'Piazza Luigi Tosti 110', '123456'),
(116, 'Lorenzo', 'Fontana', 'Viale Alcide De Gasperi 92', '123456'),
(117, 'Pietro', 'Romano', 'Viale Antonio Locatelli 55', '123456'),
(118, 'Giorgia', 'Amato', 'Viale Aldo Finzi 23', '123456'),
(119, 'Simone', 'Villa', 'Via Aldo Moro 27', '123456'),
(120, 'Gianluca', 'Romano', 'Piazza Giulietto Chiesa 15', '123456'),
(121, 'Ivan', 'Gallo', 'Piazza Emma Bonino 76', '123456'),
(122, 'Laura', 'Rinaldi', 'Piazza Giuseppe Giardino 46', '123456'),
(123, 'Lara', 'Fontana', 'Largo Giovanni Pascoli 31', '123456'),
(124, 'Rocco', 'Coppola', 'Largo Giuseppe Saragat 32', '123456'),
(125, 'Alberto', 'Fontana', 'Piazza Carlo Pecorini 25', '123456'),
(126, 'Michele', 'Lombardi', 'Viale Aldo Finzi 51', '123456'),
(127, 'Beatrice', 'Rossetti', 'Viale Umberto Biancamano 110', '123456'),
(128, 'Gianluca', 'Gallo', 'Viale Giorgio La Pira 60', '123456'),
(129, 'Maria', 'Conti', 'Via Aldo Finzi 47', '123456'),
(130, 'Raffaele', 'Giordano', 'Piazza Giorgio Napolitano 111', '123456'),
(131, 'Enrico', 'Gallo', 'Largo Giovanni Leone 74', '123456'),
(132, 'Elena', 'Palumbo', 'Viale Luigi Sturzo 2', '123456'),
(133, 'Isabella', 'Caputo', 'Largo Andrea Graziani 43', '123456'),
(134, 'Valentina', 'Morelli', 'Viale Enrico Mattei 98', '123456'),
(135, 'Silvia', 'Greco', 'Via Enrico Berlinguer 36', '123456'),
(136, 'Ivan', 'Serra', 'Via Aldo Finzi 68', '123456'),
(137, 'Noemi', 'Fabbri', 'Largo Umberto Cagni 51', '123456'),
(138, 'Michele', 'Rizzo', 'Via Luigi Cadorna 113', '123456'),
(139, 'Silvia', 'Gentile', 'Viale Orazio Giustiniani 45', '123456'),
(140, 'Stefano', 'De Angelis', 'Piazza Enrico Mattei 90', '123456'),
(141, 'Elena', 'Fontana', 'Piazza Giuseppe Saragat 39', '123456'),
(142, 'Lorenzo', 'De Luca', 'Via Giorgio Napolitano 53', '123456'),
(143, 'Christian', 'Ricci', 'Viale Francesco Baracca 92', '123456'),
(144, 'Antonio', 'Caruso', 'Viale Emma Bonino 36', '123456'),
(145, 'Enzo', 'Martinelli', 'Viale Giovanni Boano 32', '123456'),
(146, 'Luca', 'Grasso', 'Viale Paolo Borsellino 16', '123456'),
(147, 'Mario', 'Santoro', 'Piazza Giovanni Battista Agnese 46', '123456'),
(148, 'Paolo', 'Mancini', 'Via Francesco Baracca 93', '123456'),
(149, 'Marco', 'Ricci', 'Via Luigi Rizzo 10', '123456'),
(150, 'Aurora', 'Ricci', 'Viale Franco Frattini 48', '123456'),
(151, 'Simone', 'Santoro', 'Viale Giovanni Battista Agnese 47', '123456'),
(152, 'Federica', 'Costa', 'Viale Carlo Pecorini 35', '123456'),
(153, 'Emanuele', 'Rinaldi', 'Largo Luigi Tosti 43', '123456'),
(154, 'Linda', 'Russo', 'Viale Giovanni Battista Agnese 23', '123456'),
(155, 'Luca', 'Pellegrino', 'Largo Ciriaco De Mita 74', '123456'),
(156, 'Cristina', 'Vitale', 'Largo Alcide De Gasperi 9', '123456'),
(157, 'Alberto', 'D Amico', 'Piazza Pietro Badoglio 118', '123456'),
(158, 'Daniela', 'Giordano', 'Largo Ciriaco De Mita 95', '123456'),
(159, 'Simone', 'Rossetti', 'Viale Carlo Sforza 69', '123456'),
(160, 'Martina', 'Rossi', 'Largo Paolo Borsellino 102', '123456'),
(161, 'Diego', 'Ferri', 'Via Emma Bonino 45', '123456'),
(162, 'Gabriele', 'De Filippo', 'Viale Enrico Mattei 16', '123456'),
(163, 'Christian', 'Serra', 'Viale Luigi Volpicelli 67', '123456'),
(164, 'Giovanna', 'Esposito', 'Viale Giorgio Napolitano 102', '123456'),
(165, 'Francesca', 'De Luca', 'Largo Carlo Pecorini 18', '123456'),
(166, 'Alessia', 'Bruno', 'Piazza Giuseppe Melchiorre Serrati 45', '123456'),
(167, 'Alberto', 'Sorrentino', 'Via Giulio Andreotti 94', '123456'),
(168, 'Sara', 'Mancini', 'Piazza Aldo Finzi 61', '123456'),
(169, 'Elisa', 'Barbieri', 'Viale Giorgio La Pira 10', '123456'),
(170, 'Ivan', 'Serra', 'Viale Umberto Nobile 60', '123456'),
(171, 'Giorgia', 'Paris', 'Piazza Giuseppe Garibaldi II 81', '123456'),
(172, 'Camilla', 'Lombardi', 'Viale Giulietto Chiesa 9', '123456'),
(173, 'Samuele', 'Greco', 'Largo Gianfranco Fini 13', '123456'),
(174, 'Marta', 'Grasso', 'Via Giulio Andreotti 104', '123456'),
(175, 'Gabriele', 'Martinelli', 'Via Francesco Baracca 6', '123456'),
(176, 'Sofia', 'Fontana', 'Viale Enrico Tellini 114', '123456'),
(177, 'Giacomo', 'Bruno', 'Largo Luigi Sturzo 91', '123456'),
(178, 'Emma', 'D Amico', 'Via Giovanni Pascoli 75', '123456'),
(179, 'Dario', 'Pellegrino', 'Largo Luigi Cadorna 55', '123456'),
(180, 'Raffaele', 'Rizzo', 'Largo Giovanni Pascoli 47', '123456'),
(181, 'Giuseppe', 'Rizzo', 'Piazza Emanuele Filiberto di Savoia-Aosta 65', '123456'),
(182, 'Linda', 'Catalano', 'Viale Giovanni Leone 85', '123456'),
(183, 'Federico', 'Vitale', 'Viale Franco Frattini 59', '123456'),
(184, 'Alberto', 'Mariani', 'Piazza Rita Levi-Montalcini 43', '123456'),
(185, 'Alessandro', 'Palmieri', 'Viale Francesco Saverio Grazioli 38', '123456'),
(186, 'Alessio', 'De Angelis', 'Viale Alcide De Gasperi 54', '123456'),
(187, 'Giorgio', 'De Luca', 'Viale Umberto Nobile 54', '123456'),
(188, 'Tommaso', 'Costa', 'Viale Luigi Tosti 11', '123456'),
(189, 'Lucia', 'Rizzo', 'Viale Aldo Moro 118', '123456'),
(190, 'Roberta', 'Grasso', 'Largo Emanuele Filiberto di Savoia-Aosta 22', '123456'),
(191, 'Salvatore', 'Pellegrino', 'Largo Francesco Saverio Grazioli 67', '123456'),
(192, 'Amanda', 'Coppola', 'Viale Luigi Volpicelli 7', '123456'),
(193, 'Nicole', 'De Filippo', 'Viale Umberto Nobile 86', '123456'),
(194, 'Emma', 'Ricci', 'Piazza Umberto Biancamano 18', '123456'),
(195, 'Eva', 'Romano', 'Largo Francesco Baracca 98', '123456'),
(196, 'Mario', 'Giuliani', 'Piazza Giuseppe Saragat 114', '123456'),
(197, 'Alessia', 'Martinelli', 'Piazza Luigi Facta 120', '123456'),
(198, 'Giulia', 'Lombardo', 'Largo Palmiro Togliatti 105', '123456'),
(199, 'Roberta', 'Palmieri', 'Via Carlo Pecorini 50', '123456'),
(200, 'Marta', 'Fabbri', 'Via Enrico Tellini 29', '123456'),
(201, 'Daniela', 'Palmieri', 'Viale Giovanni Pascoli 90', '123456'),
(202, 'Angelo', 'Fabbri', 'Via Umberto Marzotto 1', '123456'),
(203, 'Serena', 'Bianchi', 'Piazza Paolo Borsellino 114', '123456'),
(204, 'Luca', 'Vitale', 'Piazza Giovanni Pascoli 50', '123456'),
(205, 'Matteo', 'Pellegrini', 'Largo Massimo D Alema 113', '123456'),
(206, 'Giacomo', 'Moretti', 'Piazza Giuseppe Melchiorre Serrati 91', '123456'),
(207, 'Angelo', 'Rizzo', 'Via Giulio Andreotti 84', '123456'),
(208, 'Pietro', 'De Angelis', 'Largo Carlo Sforza 107', '123456'),
(209, 'Ivan', 'Paris', 'Piazza Palmiro Togliatti 29', '123456'),
(210, 'Arianna', 'Cattaneo', 'Via Giuseppe Giardino 3', '123456'),
(211, 'Irene', 'Greco', 'Largo Andrea Graziani 4', '123456'),
(212, 'Lorenzo', 'Costa', 'Largo Silvio Berlusconi 81', '123456'),
(213, 'Marta', 'De Luca', 'Via Alcide De Gasperi 13', '123456'),
(214, 'Michela', 'Coppola', 'Piazza Emilio De Bono 117', '123456'),
(215, 'Elisabetta', 'Greco', 'Viale Vittorio Emanuele III 56', '123456'),
(216, 'Arianna', 'Ferri', 'Viale Giuliano Amato 6', '123456'),
(217, 'Vincenzo', 'Conti', 'Largo Umberto Biancamano 80', '123456'),
(218, 'Diego', 'Costa', 'Largo Giuseppe Giardino 14', '123456'),
(219, 'Chiara', 'Fiore', 'Piazza Luigi Volpicelli 91', '123456'),
(220, 'Salvatore', 'Lombardo', 'Largo Massimo D Alema 16', '123456'),
(221, 'Camilla', 'Vitale', 'Viale Bettino Craxi 40', '123456'),
(222, 'Stefano', 'Santoro', 'Piazza Carlo Pecorini 99', '123456'),
(223, 'Federico', 'Conti', 'Largo Alcide De Gasperi 107', '123456'),
(224, 'Martina', 'Coppola', 'Viale Aldo Aniasi 1', '123456'),
(225, 'Luca', 'Fiore', 'Largo Alcide De Gasperi 12', '123456'),
(226, 'Lara', 'Villa', 'Viale Carlo Azeglio Ciampi 111', '123456'),
(227, 'Mara', 'Grasso', 'Largo Gianfranco Fini 96', '123456'),
(228, 'Francesca', 'Pellegrino', 'Largo Carlo Azeglio Ciampi 75', '123456'),
(229, 'Giada', 'De Santis', 'Viale Vittorio Emanuele III 97', '123456'),
(230, 'Christian', 'Longo', 'Piazza Pietro Badoglio 11', '123456'),
(231, 'Francesco', 'Mancini', 'Largo Silvio Berlusconi 94', '123456'),
(232, 'Raffaele', 'Barbieri', 'Viale Andrea Graziani 46', '123456'),
(233, 'Carla', 'De Filippo', 'Largo Luigi Cadorna 92', '123456'),
(234, 'Ludovica', 'Cattaneo', 'Viale Orazio Giustiniani 50', '123456'),
(235, 'Sabrina', 'Conte', 'Via Carlo Pecorini 19', '123456'),
(236, 'Marta', 'Rossetti', 'Piazza Luigi Volpicelli 70', '123456'),
(237, 'Federica', 'Palmieri', 'Viale Renato Cialente 110', '123456'),
(238, 'Giacomo', 'Martino', 'Largo Massimo D Alema 31', '123456'),
(239, 'Isabella', 'Martino', 'Via Enrico Berlinguer 36', '123456'),
(240, 'Vittoria', 'Lombardo', 'Via Carlo Sforza 95', '123456'),
(241, 'Giacomo', 'Mariani', 'Piazza Guido Keller 4', '123456'),
(242, 'Vittoria', 'Amato', 'Largo Silvio Berlusconi 113', '123456'),
(243, 'Luigi', 'Barbieri', 'Largo Paolo Borsellino 8', '123456'),
(244, 'Emma', 'Gallo', 'Largo Alcide De Gasperi 30', '123456'),
(245, 'Luca', 'Mancini', 'Piazza Aldo Finzi 10', '123456'),
(246, 'Angelo', 'Mariani', 'Largo Orazio Giustiniani 6', '123456'),
(247, 'Sabrina', 'Ferrari', 'Via Pietro Frugoni 86', '123456'),
(248, 'Rocco', 'Serra', 'Viale Emanuele Filiberto di Savoia-Aosta 17', '123456'),
(249, 'Vittoria', 'Ferrara', 'Viale Luigi Volpicelli 100', '123456'),
(250, 'Vincenzo', 'Costa', 'Piazza Giovanni Pascoli 61', '123456'),
(251, 'Giorgia', 'Marino', 'Via Antonio Gramsci 53', '123456'),
(252, 'Arianna', 'Conti', 'Via Giuseppe Saragat 31', '123456'),
(253, 'Giulia', 'Caruso', 'Viale Luigi Rizzo 69', '123456'),
(254, 'Matteo', 'Martino', 'Piazza Ippolito Nievo 82', '123456'),
(255, 'Alessia', 'Ferrari', 'Largo Giorgio Napolitano 91', '123456'),
(256, 'Tommaso', 'Mazza', 'Via Enrico Tellini 98', '123456'),
(257, 'Riccardo', 'Fabbri', 'Via Silvio Berlusconi 38', '123456'),
(258, 'Teresa', 'Coppola', 'Viale Luigi Tosti 17', '123456'),
(259, 'Cinzia', 'Giordano', 'Viale Orazio Giustiniani 86', '123456'),
(260, 'Stefano', 'Marino', 'Largo Luigi Cadorna 49', '123456'),
(261, 'Linda', 'Costa', 'Piazza Palmiro Togliatti 6', '123456'),
(262, 'Diego', 'Costa', 'Via Luigi Cadorna 37', '123456'),
(263, 'Tommaso', 'Russo', 'Via Giovanni Leone 5', '123456'),
(264, 'Nicole', 'Ferrara', 'Largo Enrico Caviglia 115', '123456'),
(265, 'Cristina', 'Pellegrini', 'Largo Ippolito Nievo 31', '123456'),
(266, 'Cristina', 'Rossetti', 'Largo Giovanni Leone 72', '123456'),
(267, 'Samuele', 'Serra', 'Viale Vittorio Emanuele III 19', '123456'),
(268, 'Filippo', 'Grasso', 'Viale Giovanni Leone 55', '123456'),
(269, 'Gianluca', 'Catalano', 'Piazza Giovanni Leone 93', '123456'),
(270, 'Alessia', 'Palmieri', 'Via Ippolito Nievo 9', '123456'),
(271, 'Mara', 'Palmieri', 'Viale Giovanni Battista Agnese 18', '123456'),
(272, 'Lorenzo', 'Villa', 'Via Renato Cialente 112', '123456'),
(273, 'Alessio', 'De Luca', 'Viale Carlo Pecorini 84', '123456'),
(274, 'Eleonora', 'Martino', 'Via Alcide De Gasperi 80', '123456'),
(275, 'Alberto', 'Villa', 'Piazza Pietro Frugoni 63', '123456'),
(276, 'Alberto', 'Serra', 'Piazza Enrico Berlinguer 52', '123456'),
(277, 'Vittoria', 'Vitale', 'Via Antonio Gramsci 54', '123456'),
(278, 'Massimo', 'Rossi', 'Largo Bettino Craxi 62', '123456'),
(279, 'Elisabetta', 'Russo', 'Largo Carlo Pecorini 48', '123456'),
(280, 'Chiara', 'Catalano', 'Viale Umberto Cagni 71', '123456'),
(281, 'Sara', 'Coppola', 'Piazza Ciriaco De Mita 31', '123456'),
(282, 'Mara', 'Longo', 'Piazza Alcide De Gasperi 24', '123456'),
(283, 'Luca', 'Gallo', 'Piazza Gianfranco Fini 18', '123456'),
(284, 'Claudio', 'Mancini', 'Viale Gianfranco Fini 85', '123456'),
(285, 'Anna', 'Conti', 'Largo Giuliano Amato 53', '123456'),
(286, 'Linda', 'Catalano', 'Via Vittorio Emanuele III 92', '123456'),
(287, 'Maria', 'Villa', 'Viale Romano Prodi 46', '123456'),
(288, 'Rosa', 'Cattaneo', 'Via Luigi Cadorna 37', '123456'),
(289, 'Linda', 'Caruso', 'Via Luigi Sturzo 72', '123456'),
(290, 'Daniela', 'Palmieri', 'Piazza Massimo D Alema 51', '123456'),
(291, 'Alberto', 'Mariani', 'Largo Gianfranco Fini 109', '123456'),
(292, 'Elena', 'Palmieri', 'Via Enrico Mattei 67', '123456'),
(293, 'Isabella', 'Grasso', 'Viale Luigi Sturzo 19', '123456'),
(294, 'Amanda', 'De Luca', 'Viale Enrico Caviglia 6', '123456'),
(295, 'Stefania', 'D Amico', 'Largo Giovanni Battista Agnese 102', '123456'),
(296, 'Pietro', 'Rossetti', 'Via Renato Cialente 44', '123456'),
(297, 'Marta', 'Lombardi', 'Via Giulietto Chiesa 56', '123456'),
(298, 'Noemi', 'Conti', 'Piazza Giovanni Boano 41', '123456'),
(299, 'Alice', 'Pellegrini', 'Piazza Antonio Di Pietro 112', '123456'),
(300, 'Giovanni', 'De Rosa', 'Piazza Giulietto Chiesa 30', '123456'),
(301, 'Marco', 'Moretti', 'Largo Franco Frattini 28', '123456'),
(302, 'Sara', 'Serra', 'Piazza Giulietto Chiesa 30', '123456'),
(303, 'Mario', 'Villa', 'Via Paolo Borsellino 24', '123456'),
(304, 'Samuele', 'De Luca', 'Largo Giorgio Almirante 24', '123456'),
(305, 'Sara', 'Marchetti', 'Largo Giorgio La Pira 27', '123456'),
(306, 'Alessio', 'Martini', 'Piazza Palmiro Togliatti 90', '123456'),
(307, 'Sabrina', 'Moretti', 'Largo Carlo Sforza 117', '123456'),
(308, 'Isabella', 'Galli', 'Piazza Ruggero Ricciardi 41', '123456'),
(309, 'Enrico', 'Leone', 'Viale Paolo Emiliani Giudici 81', '123456'),
(310, 'Christian', 'Costa', 'Viale Guido Podrecca 34', '123456'),
(311, 'Cinzia', 'Caputo', 'Piazza Giovanni Boano 108', '123456'),
(312, 'Andrea', 'Rossetti', 'Largo Umberto Marzotto 104', '123456'),
(313, 'Federico', 'Russo', 'Piazza Carlo Sforza 106', '123456'),
(314, 'Cinzia', 'Serra', 'Viale Umberto Cagni 40', '123456'),
(315, 'Fabio', 'Esposito', 'Viale Ruggero Ricciardi 83', '123456'),
(316, 'Marco', 'Pellegrini', 'Viale Giovanni Falcone 9', '123456'),
(317, 'Linda', 'Martini', 'Piazza Andrea Graziani 3', '123456'),
(318, 'Diego', 'Gallo', 'Viale Rita Levi-Montalcini 18', '123456'),
(319, 'Luca', 'Coppola', 'Via Umberto Biancamano 119', '123456'),
(320, 'Beatrice', 'Ferrari', 'Largo Giorgio La Pira 108', '123456'),
(321, 'Vincenzo', 'Bianchi', 'Piazza Guido Keller 16', '123456'),
(322, 'Paolo', 'Colombo', 'Viale Luigi Facta 24', '123456'),
(323, 'Rocco', 'Pellegrino', 'Largo Francesco Saverio Grazioli 19', '123456'),
(324, 'Massimo', 'Caputo', 'Largo Luigi Tosti 65', '123456'),
(325, 'Raffaele', 'Bianchi', 'Via Pietro Badoglio 61', '123456'),
(326, 'Alice', 'Lombardo', 'Largo Luigi Tosti 75', '123456'),
(327, 'Daniela', 'Colombo', 'Piazza Giuliano Amato 88', '123456'),
(328, 'Giovanna', 'Grasso', 'Viale Bettino Craxi 16', '123456'),
(329, 'Simone', 'Bruno', 'Largo Giuseppe Garibaldi II 68', '123456'),
(330, 'Ivan', 'Conti', 'Viale Ruggero Ricciardi 86', '123456'),
(331, 'Lara', 'Mazza', 'Viale Aldo Finzi 17', '123456'),
(332, 'Mara', 'De Rosa', 'Largo Giuseppe Garibaldi II 93', '123456'),
(333, 'Marco', 'Leone', 'Via Emilio De Bono 119', '123456'),
(334, 'Raffaele', 'De Angelis', 'Largo Umberto Biancamano 27', '123456'),
(335, 'Giorgio', 'De Angelis', 'Piazza Giorgio Almirante 70', '123456'),
(336, 'Rita', 'Moretti', 'Largo Ruggero Ricciardi 11', '123456'),
(337, 'Daniela', 'Ferrara', 'Piazza Emilio De Bono 48', '123456'),
(338, 'Vittoria', 'Fabbri', 'Viale Antonio Di Pietro 87', '123456'),
(339, 'Giovanni', 'Romano', 'Via Pietro Frugoni 31', '123456'),
(340, 'Michele', 'De Angelis', 'Largo Andrea Graziani 44', '123456'),
(341, 'Lorenzo', 'De Santis', 'Viale Giovanni Leone 59', '123456'),
(342, 'Linda', 'Giordano', 'Largo Vittorio Emanuele III 80', '123456'),
(343, 'Rocco', 'Marchetti', 'Piazza Giovanni Falcone 111', '123456'),
(344, 'Massimo', 'De Rosa', 'Via Luigi Rizzo 41', '123456'),
(345, 'Giorgio', 'Coppola', 'Viale Antonio Gramsci 109', '123456'),
(346, 'Luca', 'De Rosa', 'Viale Bettino Craxi 17', '123456'),
(347, 'Matteo', 'Santoro', 'Viale Paolo Emiliani Giudici 41', '123456'),
(348, 'Roberta', 'Gentile', 'Viale Silvio Berlusconi 109', '123456'),
(349, 'Sofia', 'Mariani', 'Piazza Giorgio Almirante 16', '123456'),
(350, 'Maria', 'Lombardo', 'Piazza Giuseppe Giardino 27', '123456'),
(351, 'Nicole', 'Mariani', 'Piazza Paolo Borsellino 106', '123456'),
(352, 'Salvatore', 'Ferri', 'Largo Ippolito Nievo 57', '123456'),
(353, 'Luca', 'De Luca', 'Piazza Luigi Facta 20', '123456'),
(354, 'Silvia', 'Pellegrini', 'Piazza Franco Frattini 41', '123456'),
(355, 'Raffaele', 'Pellegrino', 'Largo Massimo D Alema 2', '123456'),
(356, 'Gabriele', 'De Luca', 'Largo Carlo Azeglio Ciampi 81', '123456'),
(357, 'Filippo', 'Pellegrino', 'Piazza Alcide De Gasperi 67', '123456'),
(358, 'Francesca', 'De Rosa', 'Piazza Giulio Andreotti 91', '123456'),
(359, 'Amanda', 'De Rosa', 'Largo Enrico Mattei 42', '123456'),
(360, 'Giuseppe', 'Giuliani', 'Largo Giovanni Leone 29', '123456'),
(361, 'Ludovica', 'Caputo', 'Viale Pietro Badoglio 102', '123456'),
(362, 'Simone', 'Marchetti', 'Largo Pietro Frugoni 82', '123456'),
(363, 'Alessia', 'Esposito', 'Piazza Umberto Marzotto 108', '123456'),
(364, 'Alice', 'Bernardi', 'Largo Orazio Giustiniani 29', '123456'),
(365, 'Roberto', 'Marchetti', 'Largo Guido Keller 108', '123456'),
(366, 'Vittoria', 'De Luca', 'Via Silvio Berlusconi 108', '123456'),
(367, 'Federico', 'Rossetti', 'Largo Aldo Moro 77', '123456'),
(368, 'Giulia', 'De Rosa', 'Via Emma Bonino 36', '123456'),
(369, 'Carla', 'Rossi', 'Viale Luigi Volpicelli 6', '123456'),
(370, 'Leonardo', 'De Luca', 'Piazza Franco Frattini 110', '123456'),
(371, 'Stefano', 'Fontana', 'Viale Umberto Marzotto 97', '123456'),
(372, 'Anna', 'De Santis', 'Largo Antonio Gramsci 20', '123456'),
(373, 'Marta', 'Martinelli', 'Via Silvio Berlusconi 81', '123456'),
(374, 'Serena', 'Marchetti', 'Largo Alcide De Gasperi 78', '123456'),
(375, 'Emma', 'Rizzo', 'Via Enrico Berlinguer 118', '123456'),
(376, 'Federico', 'Mariani', 'Largo Giorgio Napolitano 56', '123456'),
(377, 'Massimo', 'Coppola', 'Via Giovanni Pascoli 65', '123456'),
(378, 'Alberto', 'Martinelli', 'Piazza Silvio Berlusconi 39', '123456'),
(379, 'Salvatore', 'Mariani', 'Via Alcide De Gasperi 97', '123456'),
(380, 'Michela', 'Serra', 'Piazza Luigi Tosti 31', '123456'),
(381, 'Salvatore', 'Mazza', 'Largo Paolo Emiliani Giudici 45', '123456'),
(382, 'Beatrice', 'Martinelli', 'Via Enrico Caviglia 96', '123456'),
(383, 'Giovanna', 'Vitale', 'Piazza Carlo Sforza 2', '123456'),
(384, 'Nicola', 'Bruno', 'Via Antonio Gramsci 55', '123456'),
(385, 'Stefania', 'De Luca', 'Via Palmiro Togliatti 113', '123456'),
(386, 'Salvatore', 'De Filippo', 'Piazza Enrico Berlinguer 67', '123456'),
(387, 'Federica', 'De Luca', 'Via Massimo D Alema 15', '123456'),
(388, 'Ginevra', 'Greco', 'Viale Aldo Aniasi 29', '123456'),
(389, 'Roberta', 'Paris', 'Piazza Ciriaco De Mita 23', '123456'),
(390, 'Cristina', 'Leone', 'Largo Giorgio La Pira 101', '123456'),
(391, 'Camilla', 'Cattaneo', 'Piazza Rita Levi-Montalcini 96', '123456'),
(392, 'Camilla', 'Conti', 'Piazza Giovanni Boano 65', '123456'),
(393, 'Angelo', 'De Luca', 'Via Giuliano Amato 61', '123456'),
(394, 'Alberto', 'De Luca', 'Piazza Enrico Caviglia 72', '123456'),
(395, 'Emma', 'Martini', 'Piazza Alcide De Gasperi 63', '123456'),
(396, 'Nicola', 'Ferrari', 'Viale Giovanni Leone 82', '123456'),
(397, 'Maria', 'Villa', 'Largo Giorgio Almirante 92', '123456'),
(398, 'Teresa', 'Paris', 'Largo Giuseppe Giardino 95', '123456'),
(399, 'Giulia', 'Grasso', 'Via Umberto Biancamano 62', '123456'),
(400, 'Noemi', 'Ferrara', 'Via Giuseppe Melchiorre Serrati 22', '123456'),
(401, 'Nicole', 'Gallo', 'Viale Pietro Frugoni 10', '123456'),
(402, 'Eleonora', 'Ferrari', 'Largo Luigi Tosti 73', '123456'),
(403, 'Christian', 'Romano', 'Piazza Umberto Biancamano 120', '123456'),
(404, 'Federica', 'Santoro', 'Viale Giovanni Pascoli 112', '123456'),
(405, 'Alessandro', 'Grasso', 'Largo Giuliano Amato 56', '123456'),
(406, 'Domenico', 'Morelli', 'Largo Alcide De Gasperi 84', '123456'),
(407, 'Francesco', 'Ricci', 'Piazza Luigi Rizzo 80', '123456'),
(408, 'Camilla', 'Marino', 'Viale Bettino Craxi 51', '123456'),
(409, 'Giulia', 'Conte', 'Largo Giuseppe Giardino 9', '123456'),
(410, 'Maria', 'Gentile', 'Via Renato Cialente 49', '123456'),
(411, 'Aurora', 'Pellegrini', 'Via Ippolito Nievo 33', '123456'),
(412, 'Alessia', 'Rizzo', 'Via Aldo Finzi 116', '123456'),
(413, 'Nicola', 'Bruno', 'Largo Giuseppe Melchiorre Serrati 35', '123456'),
(414, 'Laura', 'Palmieri', 'Piazza Enrico Caviglia 72', '123456'),
(415, 'Daniela', 'Morelli', 'Via Antonio Gramsci 74', '123456'),
(416, 'Giorgio', 'Leone', 'Piazza Giovanni Boano 83', '123456'),
(417, 'Noemi', 'Rossetti', 'Via Emanuele Filiberto di Savoia-Aosta 72', '123456'),
(418, 'Valentina', 'Gentile', 'Largo Palmiro Togliatti 18', '123456'),
(419, 'Riccardo', 'Costa', 'Largo Giovanni Falcone 56', '123456'),
(420, 'Noemi', 'Rossetti', 'Viale Giuseppe Melchiorre Serrati 119', '123456'),
(421, 'Giacomo', 'Martino', 'Viale Giovanni Boano 49', '123456'),
(422, 'Ginevra', 'Marchetti', 'Piazza Umberto Marzotto 112', '123456'),
(423, 'Isabella', 'Gentile', 'Viale Giuliano Amato 109', '123456'),
(424, 'Paolo', 'Villa', 'Viale Giulio Andreotti 83', '123456'),
(425, 'Emma', 'Pellegrini', 'Largo Alcide De Gasperi 83', '123456'),
(426, 'Eleonora', 'Paris', 'Via Romano Prodi 67', '123456'),
(427, 'Alessandro', 'Greco', 'Largo Umberto Biancamano 100', '123456'),
(428, 'Angelica', 'Catalano', 'Viale Carlo Sforza 98', '123456'),
(429, 'Veronica', 'Pellegrini', 'Largo Romano Prodi 55', '123456'),
(430, 'Giuseppe', 'Coppola', 'Piazza Bettino Craxi 87', '123456'),
(431, 'Marco', 'Rizzo', 'Viale Giulietto Chiesa 45', '123456'),
(432, 'Emma', 'Conti', 'Largo Pietro Frugoni 102', '123456'),
(433, 'Leonardo', 'Bianchi', 'Via Andrea Graziani 80', '123456'),
(434, 'Emma', 'Mariani', 'Via Rita Levi-Montalcini 15', '123456'),
(435, 'Alice', 'Conti', 'Piazza Giuliano Amato 86', '123456'),
(436, 'Silvia', 'Russo', 'Via Giovanni Leone 3', '123456'),
(437, 'Vittoria', 'Marchetti', 'Via Giuseppe Saragat 63', '123456'),
(438, 'Simona', 'De Santis', 'Via Emanuele Filiberto di Savoia-Aosta 48', '123456'),
(439, 'Angelo', 'Vitale', 'Largo Enrico Caviglia 75', '123456'),
(440, 'Leonardo', 'Leone', 'Via Luigi Cadorna 111', '123456'),
(441, 'Lara', 'Fontana', 'Viale Luigi Volpicelli 13', '123456'),
(442, 'Samuele', 'Caruso', 'Via Giulio Andreotti 20', '123456'),
(443, 'Nicola', 'Bianchi', 'Viale Carlo Sforza 86', '123456'),
(444, 'Irene', 'Fontana', 'Largo Giovanni Leone 43', '123456'),
(445, 'Emma', 'Rossetti', 'Via Paolo Borsellino 63', '123456'),
(446, 'Giulia', 'Gallo', 'Largo Pietro Frugoni 7', '123456'),
(447, 'Alessandro', 'Mancini', 'Largo Silvio Berlusconi 102', '123456'),
(448, 'Martina', 'Marino', 'Piazza Giovanni Falcone 104', '123456'),
(449, 'Giacomo', 'Russo', 'Viale Umberto Biancamano 64', '123456'),
(450, 'Elisabetta', 'Grasso', 'Viale Giovanni Falcone 84', '123456'),
(451, 'Federica', 'Rossi', 'Via Giorgio Almirante 96', '123456'),
(452, 'Eleonora', 'Rinaldi', 'Viale Giuliano Amato 29', '123456'),
(453, 'Sara', 'Marino', 'Via Giuseppe Melchiorre Serrati 117', '123456'),
(454, 'Ginevra', 'Galli', 'Piazza Umberto Biancamano 80', '123456'),
(455, 'Lorenzo', 'Martinelli', 'Largo Umberto Cagni 52', '123456'),
(456, 'Laura', 'Marino', 'Piazza Enrico Caviglia 56', '123456'),
(457, 'Valentina', 'Rizzo', 'Largo Ippolito Nievo 38', '123456'),
(458, 'Andrea', 'Giordano', 'Piazza Pietro Frugoni 119', '123456'),
(459, 'Simone', 'Amato', 'Largo Giuseppe Garibaldi II 8', '123456'),
(460, 'Angelica', 'Amato', 'Piazza Giuseppe Garibaldi II 23', '123456'),
(461, 'Giorgia', 'Ferrara', 'Piazza Aldo Aniasi 22', '123456'),
(462, 'Ginevra', 'Amato', 'Largo Ippolito Nievo 44', '123456'),
(463, 'Alessia', 'Amato', 'Via Palmiro Togliatti 88', '123456'),
(464, 'Angelica', 'Fiore', 'Via Guido Keller 104', '123456'),
(465, 'Marco', 'Marchetti', 'Viale Luigi Rizzo 27', '123456'),
(466, 'Cristina', 'Fiore', 'Viale Luigi Sturzo 77', '123456'),
(467, 'Paolo', 'Barbieri', 'Piazza Enrico Berlinguer 99', '123456'),
(468, 'Michele', 'Lombardo', 'Viale Giorgio Napolitano 101', '123456'),
(469, 'Matteo', 'Colombo', 'Via Umberto Marzotto 116', '123456'),
(470, 'Emma', 'Catalano', 'Via Giorgio Almirante 73', '123456'),
(471, 'Silvia', 'Bianchi', 'Largo Enrico Berlinguer 99', '123456'),
(472, 'Federica', 'Conti', 'Via Luigi Rizzo 61', '123456'),
(473, 'Serena', 'De Luca', 'Piazza Bettino Craxi 109', '123456'),
(474, 'Daniele', 'Rizzo', 'Piazza Emilio De Bono 48', '123456'),
(475, 'Linda', 'Morelli', 'Largo Guido Podrecca 83', '123456'),
(476, 'Maria', 'Gallo', 'Viale Carlo Pecorini 52', '123456'),
(477, 'Pietro', 'Moretti', 'Largo Giovanni Falcone 91', '123456'),
(478, 'Emma', 'Martini', 'Via Umberto Biancamano 24', '123456'),
(479, 'Antonio', 'De Santis', 'Via Alcide De Gasperi 7', '123456'),
(480, 'Michela', 'Palumbo', 'Largo Emilio De Bono 71', '123456'),
(481, 'Michele', 'De Santis', 'Piazza Romano Prodi 9', '123456'),
(482, 'Tommaso', 'Caruso', 'Via Giulio Andreotti 39', '123456'),
(483, 'Giacomo', 'Rossetti', 'Viale Carlo Azeglio Ciampi 44', '123456'),
(484, 'Elisa', 'Fiore', 'Largo Giorgio Napolitano 47', '123456'),
(485, 'Caterina', 'Pellegrino', 'Viale Enrico Mattei 90', '123456'),
(486, 'Samuele', 'Fiore', 'Largo Orazio Giustiniani 86', '123456'),
(487, 'Giacomo', 'Rossetti', 'Via Alcide De Gasperi 68', '123456'),
(488, 'Carla', 'Martino', 'Via Vittorio Emanuele III 100', '123456'),
(489, 'Federica', 'Fabbri', 'Piazza Pietro Frugoni 102', '123456'),
(490, 'Christian', 'Romano', 'Largo Ippolito Nievo 35', '123456'),
(491, 'Rocco', 'Ferrara', 'Viale Paolo Borsellino 47', '123456'),
(492, 'Luigi', 'Ricci', 'Largo Guido Podrecca 117', '123456'),
(493, 'Samuele', 'Martinelli', 'Largo Carlo Sforza 44', '123456'),
(494, 'Miriam', 'Longo', 'Piazza Ruggero Ricciardi 51', '123456'),
(495, 'Dario', 'Morelli', 'Piazza Enrico Mattei 116', '123456'),
(496, 'Francesco', 'Gentile', 'Largo Ciriaco De Mita 79', '123456'),
(497, 'Giada', 'Mazza', 'Via Gianfranco Fini 104', '123456'),
(498, 'Mario', 'Coppola', 'Piazza Antonio Gramsci 106', '123456'),
(499, 'Amanda', 'Bruno', 'Piazza Bettino Craxi 34', '123456'),
(500, 'Anna', 'Gallo', 'Largo Paolo Borsellino 54', '123456'),
(501, 'Anna', 'Caruso', 'Largo Aldo Moro 68', '123456'),
(502, 'Maria', 'Caruso', 'Largo Emanuele Filiberto di Savoia-Aosta 40', '123456'),
(503, 'Roberto', 'Coppola', 'Viale Enrico Tellini 6', '123456'),
(504, 'Laura', 'Ricci', 'Piazza Luigi Facta 33', '123456'),
(505, 'Alberto', 'Gallo', 'Piazza Enrico Mattei 107', '123456'),
(506, 'Elisabetta', 'Rinaldi', 'Viale Ciriaco De Mita 118', '123456'),
(507, 'Tommaso', 'De Luca', 'Viale Guido Podrecca 111', '123456'),
(508, 'Irene', 'Esposito', 'Via Enrico Caviglia 9', '123456'),
(509, 'Domenico', 'Grasso', 'Viale Enrico Mattei 75', '123456'),
(510, 'Camilla', 'Martino', 'Piazza Antonio Locatelli 80', '123456'),
(511, 'Simone', 'Martino', 'Largo Antonio Gramsci 52', '123456'),
(512, 'Antonio', 'Rossetti', 'Largo Pietro Frugoni 20', '123456'),
(513, 'Massimo', 'Fabbri', 'Viale Aldo Aniasi 116', '123456'),
(514, 'Isabella', 'Martinelli', 'Largo Paolo Emiliani Giudici 32', '123456'),
(515, 'Salvatore', 'Mariani', 'Viale Luigi Tosti 56', '123456'),
(516, 'Rita', 'Fiore', 'Largo Umberto Marzotto 40', '123456'),
(517, 'Rita', 'Fontana', 'Largo Giorgio Napolitano 48', '123456'),
(518, 'Emma', 'Leone', 'Largo Giovanni Boano 114', '123456'),
(519, 'Elisa', 'Catalano', 'Largo Emma Bonino 65', '123456'),
(520, 'Gabriele', 'Bruno', 'Viale Umberto Cagni 7', '123456'),
(521, 'Luca', 'Bernardi', 'Via Luigi Sturzo 1', '123456'),
(522, 'Vittoria', 'Lombardi', 'Via Giulietto Chiesa 111', '123456'),
(523, 'Filippo', 'Caruso', 'Viale Renato Cialente 91', '123456'),
(524, 'Alice', 'Greco', 'Piazza Paolo Borsellino 110', '123456'),
(525, 'Federico', 'Esposito', 'Piazza Umberto Cagni 79', '123456'),
(526, 'Federico', 'Barbieri', 'Largo Luigi Tosti 102', '123456'),
(527, 'Emanuele', 'Fabbri', 'Via Giorgio La Pira 16', '123456'),
(528, 'Riccardo', 'Rizzo', 'Via Francesco Baracca 105', '123456'),
(529, 'Silvia', 'Rossi', 'Via Antonio Gramsci 26', '123456'),
(530, 'Alessia', 'Marino', 'Viale Paolo Emiliani Giudici 97', '123456'),
(531, 'Samuele', 'Bianchi', 'Piazza Carlo Pecorini 73', '123456'),
(532, 'Giulia', 'Greco', 'Largo Vittorio Emanuele III 96', '123456'),
(533, 'Elisa', 'Leone', 'Via Orazio Giustiniani 118', '123456'),
(534, 'Eva', 'Bianchi', 'Viale Gianfranco Fini 33', '123456'),
(535, 'Lorenzo', 'Mariani', 'Piazza Giovanni Leone 8', '123456'),
(536, 'Federica', 'Ferrara', 'Largo Giovanni Leone 44', '123456'),
(537, 'Diego', 'Pellegrini', 'Via Umberto Biancamano 75', '123456'),
(538, 'Sofia', 'Fontana', 'Largo Francesco Baracca 46', '123456'),
(539, 'Veronica', 'Russo', 'Piazza Carlo Sforza 89', '123456'),
(540, 'Gabriele', 'De Luca', 'Viale Emilio De Bono 68', '123456'),
(541, 'Paolo', 'Bianchi', 'Largo Umberto Marzotto 110', '123456'),
(542, 'Mario', 'Marino', 'Piazza Umberto Nobile 63', '123456'),
(543, 'Giada', 'Paris', 'Via Ruggero Ricciardi 6', '123456'),
(544, 'Davide', 'Moretti', 'Viale Ippolito Nievo 60', '123456'),
(545, 'Davide', 'Giuliani', 'Viale Franco Frattini 87', '123456'),
(546, 'Luca', 'Bernardi', 'Largo Rita Levi-Montalcini 88', '123456'),
(547, 'Christian', 'Lombardo', 'Viale Gianfranco Fini 18', '123456'),
(548, 'Noemi', 'De Filippo', 'Piazza Luigi Tosti 110', '123456'),
(549, 'Filippo', 'Ferri', 'Piazza Antonio Gramsci 62', '123456'),
(550, 'Riccardo', 'Rossetti', 'Piazza Ippolito Nievo 53', '123456'),
(551, 'Diego', 'Grasso', 'Via Pietro Frugoni 11', '123456'),
(552, 'Simona', 'Lombardo', 'Largo Francesco Baracca 47', '123456'),
(553, 'Francesca', 'Serra', 'Piazza Guido Podrecca 93', '123456'),
(554, 'Chiara', 'Martino', 'Via Massimo D Alema 112', '123456'),
(555, 'Salvatore', 'Gallo', 'Viale Giorgio La Pira 115', '123456'),
(556, 'Michele', 'Giordano', 'Via Franco Frattini 48', '123456'),
(557, 'Gabriele', 'Caputo', 'Viale Vittorio Emanuele III 19', '123456'),
(558, 'Teresa', 'Martinelli', 'Piazza Aldo Finzi 25', '123456'),
(559, 'Ludovica', 'Villa', 'Via Vittorio Emanuele III 31', '123456'),
(560, 'Antonio', 'Pellegrini', 'Largo Ciriaco De Mita 29', '123456'),
(561, 'Fabio', 'Bianchi', 'Largo Giuseppe Saragat 116', '123456'),
(562, 'Mario', 'Fiore', 'Piazza Aldo Aniasi 67', '123456'),
(563, 'Roberta', 'Ferrari', 'Piazza Aldo Moro 111', '123456'),
(564, 'Antonio', 'Barbieri', 'Viale Aldo Aniasi 95', '123456'),
(565, 'Andrea', 'De Filippo', 'Largo Pietro Frugoni 12', '123456'),
(566, 'Daniele', 'Greco', 'Piazza Andrea Graziani 26', '123456'),
(567, 'Salvatore', 'Russo', 'Via Gianfranco Fini 105', '123456'),
(568, 'Alessandro', 'Palmieri', 'Largo Pietro Badoglio 72', '123456'),
(569, 'Riccardo', 'Caputo', 'Piazza Paolo Emiliani Giudici 67', '123456'),
(570, 'Elisabetta', 'Fontana', 'Via Gianfranco Fini 49', '123456'),
(571, 'Giorgio', 'Mancini', 'Largo Giovanni Battista Agnese 116', '123456'),
(572, 'Salvatore', 'Santoro', 'Via Umberto Biancamano 102', '123456'),
(573, 'Gabriele', 'De Filippo', 'Viale Giuliano Amato 76', '123456'),
(574, 'Diego', 'Santoro', 'Piazza Rita Levi-Montalcini 115', '123456'),
(575, 'Daniele', 'De Luca', 'Largo Rita Levi-Montalcini 36', '123456'),
(576, 'Maria', 'Mariani', 'Viale Emilio De Bono 6', '123456'),
(577, 'Isabella', 'Longo', 'Via Aldo Finzi 46', '123456'),
(578, 'Luigi', 'Catalano', 'Piazza Enrico Mattei 35', '123456'),
(579, 'Eva', 'Lombardo', 'Piazza Paolo Borsellino 76', '123456'),
(580, 'Samuele', 'Barbieri', 'Largo Luigi Cadorna 7', '123456'),
(581, 'Alessia', 'Mazza', 'Viale Aldo Finzi 105', '123456'),
(582, 'Pietro', 'Coppola', 'Largo Pietro Frugoni 47', '123456'),
(583, 'Lorenzo', 'Greco', 'Viale Giorgio La Pira 115', '123456'),
(584, 'Maria', 'Ferrara', 'Largo Paolo Emiliani Giudici 80', '123456'),
(585, 'Vittoria', 'Moretti', 'Via Luigi Sturzo 17', '123456'),
(586, 'Gabriele', 'Caputo', 'Viale Ruggero Ricciardi 94', '123456'),
(587, 'Cinzia', 'Giuliani', 'Via Giorgio Napolitano 51', '123456'),
(588, 'Laura', 'Fiore', 'Piazza Guido Keller 50', '123456'),
(589, 'Enzo', 'Santoro', 'Via Umberto Cagni 104', '123456'),
(590, 'Chiara', 'Coppola', 'Largo Giovanni Leone 17', '123456'),
(591, 'Mario', 'Pellegrino', 'Piazza Rita Levi-Montalcini 98', '123456'),
(592, 'Angelica', 'Costa', 'Via Bettino Craxi 102', '123456'),
(593, 'Silvia', 'Ferrara', 'Via Carlo Pecorini 91', '123456'),
(594, 'Caterina', 'Barbieri', 'Largo Giovanni Falcone 59', '123456'),
(595, 'Sofia', 'De Filippo', 'Piazza Pietro Badoglio 99', '123456'),
(596, 'Marco', 'Greco', 'Largo Giovanni Pascoli 87', '123456'),
(597, 'Mario', 'Ferrara', 'Via Antonio Di Pietro 75', '123456'),
(598, 'Roberta', 'Lombardo', 'Largo Ippolito Nievo 40', '123456'),
(599, 'Linda', 'Fontana', 'Largo Umberto Biancamano 82', '123456'),
(600, 'Nicole', 'Rinaldi', 'Viale Enrico Caviglia 14', '123456');

insert into concessionaria values
('1', 'Roma', 'Viale Giorgio Almirante 32', '123456', 'Cristian Coppola'),
('2', 'Napoli', 'Via Carlo Pecorini 70', '123456', 'Amanda Esposito'),
('3', 'Torino', 'Piazza Umberto Nobile 78', '123456', 'Gianluca Paris'),
('4', 'Palermo', 'Piazza Palmiro Togliatti 110', '123456', 'Giacomo Bianchi'),
('5', 'Genova', 'Piazza Francesco Saverio Grazioli 11', '123456', 'Amanda Catalano'),
('6', 'Bologna', 'Largo Antonio Gramsci 7', '123456', 'Mario Esposito'),
('7', 'Firenze', 'Viale Silvio Berlusconi 48', '123456', 'Emanuele Ricci'),
('8', 'Bari', 'Viale Guido Podrecca 12', '123456', 'Diego Bianchi'),
('9', 'Catania', 'Viale Antonio Di Pietro 120', '123456', 'Enzo Caruso'),
('10', 'Venezia', 'Via Luigi Facta 112', '123456', 'Angelica Ferrara'),
('11', 'Verona', 'Via Emanuele Filiberto di Savoia-Aosta 7', '123456', 'Martina Fabbri'),
('12', 'Messina', 'Largo Carlo Pecorini 54', '123456', 'Luca Martinelli'),
('13', 'Padova', 'Via Luigi Sturzo 81', '123456', 'Enzo Caputo'),
('14', 'Trieste', 'Viale Renato Cialente 15', '123456', 'Laura Pellegrino'),
('15', 'Brescia', 'Viale Alcide De Gasperi 19', '123456', 'Ginevra Cattaneo'),
('16', 'Parma', 'Viale Giovanni Boano 31', '123456', 'Michela Grasso'),
('17', 'Taranto', 'Piazza Giuseppe Saragat 94', '123456', 'Antonio Rinaldi'),
('18', 'Prato', 'Largo Giuseppe Melchiorre Serrati 86', '123456', 'Elisa Cattaneo'),
('19', 'Modena', 'Viale Guido Keller 91', '123456', 'Vincenzo Mazza'),
('20', 'Reggio Calabria', 'Viale Aldo Finzi 115', '123456', 'Caterina Mazza'),
('21', 'Reggio Emilia', 'Piazza Carlo Pecorini 112', '123456', 'Stefano Amato'),
('22', 'Perugia', 'Largo Paolo Emiliani Giudici 19', '123456', 'Ludovica Gallo'),
('23', 'Livorno', 'Largo Emma Bonino 18', '123456', 'Enzo Gallo'),
('24', 'Cagliari', 'Via Renato Cialente 103', '123456', 'Gabriele De Santis'),
('25', 'Forlì', 'Via Giorgio La Pira 45', '123456', 'Caterina Rossi'),
('26', 'Ravenna', 'Via Giulietto Chiesa 1', '123456', 'Beatrice D Amico'),
('27', 'Rimini', 'Viale Franco Frattini 33', '123456', 'Daniele Paris'),
('28', 'Foggia', 'Largo Paolo Emiliani Giudici 113', '123456', 'Domenico Caruso'),
('29', 'Salerno', 'Piazza Umberto Marzotto 100', '123456', 'Amanda Lombardi'),
('30', 'Milano', 'Viale Giovanni Battista Agnese 87', '123456', 'Elisa Esposito'),
('31', 'Roma', 'Piazza Andrea Graziani 82', '123456', 'Vittoria Grasso'),
('32', 'Napoli', 'Viale Giulietto Chiesa 108', '123456', 'Arianna Longo'),
('33', 'Torino', 'Viale Luigi Sturzo 19', '123456', 'Giovanni Mancini'),
('34', 'Palermo', 'Viale Francesco Baracca 46', '123456', 'Alberto Bruno'),
('35', 'Genova', 'Largo Giuseppe Garibaldi II 27', '123456', 'Clara De Luca'),
('36', 'Bologna', 'Largo Giovanni Pascoli 16', '123456', 'Elena Giordano'),
('37', 'Firenze', 'Viale Luigi Rizzo 2', '123456', 'Francesca Ferrara'),
('38', 'Bari', 'Largo Giovanni Falcone 47', '123456', 'Giulia Fontana'),
('39', 'Catania', 'Piazza Palmiro Togliatti 115', '123456', 'Emma Marchetti'),
('40', 'Venezia', 'Largo Luigi Facta 37', '123456', 'Cristian Paris'),
('41', 'Verona', 'Largo Rita Levi-Montalcini 29', '123456', 'Chiara Barbieri'),
('42', 'Messina', 'Viale Giulietto Chiesa 72', '123456', 'Salvatore Gallo'),
('43', 'Padova', 'Via Umberto Cagni 90', '123456', 'Alessandro Barbieri'),
('44', 'Trieste', 'Via Silvio Berlusconi 69', '123456', 'Giuseppe Coppola'),
('45', 'Brescia', 'Via Antonio Di Pietro 60', '123456', 'Lorenzo D Amico'),
('46', 'Parma', 'Piazza Emilio De Bono 108', '123456', 'Daniele Ferri'),
('47', 'Taranto', 'Piazza Pietro Badoglio 100', '123456', 'Gabriele Bruno'),
('48', 'Prato', 'Piazza Umberto Biancamano 103', '123456', 'Nicole Santoro'),
('49', 'Modena', 'Largo Giulio Andreotti 100', '123456', 'Luca Caruso'),
('50', 'Reggio Calabria', 'Via Carlo Sforza 4', '123456', 'Andrea Coppola');

insert into deposito values
(10, 17, 1,'2009-11-23', NULL),
(22, 21, 2,'2009-04-19', NULL),
(3, 15, 3,'2009-04-10', '2009-07-18'),
(4, 6, 4,'2009-02-10', '2009-03-22'),
(8, 20, 5,'2009-11-08', NULL),
(26, 7, 6,'2009-05-05', NULL),
(7, 25, 7,'2009-07-15', '2010-01-26'),
(8, 24, 8,'2009-02-12', '2009-03-26'),
(29, 21, 9,'2010-05-28', NULL),
(10, 20, 10,'2010-05-28', '2011-10-22'),
(21, 28, 11,'2010-06-02', NULL),
(18, 15, 12,'2010-02-10', NULL),
(32, 23, 13,'2010-01-16', NULL),
(17, 28, 14,'2009-09-18', NULL),
(15, 21, 15,'2010-06-12', '2011-11-21'),
(36, 19, 16,'2009-03-11', NULL),
(33, 33, 17,'2010-06-21', NULL),
(35, 20, 18,'2009-04-09', NULL),
(19, 30, 19,'2010-03-24', '2011-06-14'),
(40, 26, 20,'2010-05-08', NULL),
(37, 30, 21,'2009-03-06', NULL),
(40, 42, 22,'2009-07-21', NULL),
(23, 34, 23,'2010-03-11', '2011-05-19'),
(29, 29, 24,'2009-05-03', NULL),
(25, 40, 25,'2009-09-30', '2010-06-29'),
(35, 44, 26,'2009-06-14', NULL),
(31, 34, 27,'2010-03-22', NULL),
(28, 34, 28,'2009-12-28', '2010-12-24'),
(29, 41, 29,'2009-05-17', '2009-09-30'),
(30, 36, 30,'2009-02-21', '2009-04-13'),
(44, 40, 31,'2009-07-03', NULL),
(32, 44, 32,'2009-05-18', '2009-10-02'),
(41, 39, 33,'2009-09-03', NULL),
(34, 43, 34,'2010-01-29', '2011-02-26'),
(35, 42, 35,'2009-02-20', '2009-04-11'),
(47, 47, 36,'2009-10-31', NULL),
(37, 57, 37,'2010-02-04', '2011-03-10'),
(47, 49, 38,'2010-08-08', NULL),
(58, 48, 39,'2009-02-15', NULL),
(45, 50, 40,'2009-04-18', NULL),
(41, 48, 41,'2009-07-23', '2010-02-11'),
(42, 55, 42,'2009-07-10', '2010-01-16'),
(60, 45, 43,'2009-03-15', NULL),
(44, 53, 44,'2009-09-17', '2010-06-03'),
(45, 54, 45,'2009-02-26', '2009-04-23'),
(56, 50, 46,'2010-01-10', NULL),
(48, 58, 47,'2010-06-14', NULL),
(48, 51, 48,'2010-03-13', '2011-05-23'),
(63, 62, 49,'2009-03-19', NULL),
(50, 70, 0,'2010-01-22', '2011-02-12'),
(59, 56, 1,'2009-03-23', NULL),
(52, 55, 2,'2010-04-10', '2011-07-18'),
(72, 55, 3,'2009-06-10', NULL),
(61, 57, 4,'2009-03-08', NULL),
(68, 74, 5,'2009-12-14', NULL),
(68, 74, 6,'2010-08-09', NULL),
(72, 64, 7,'2010-02-27', NULL),
(58, 76, 8,'2009-08-03', '2010-03-05'),
(64, 60, 9,'2010-03-05', NULL),
(73, 63, 10,'2009-04-13', NULL),
(76, 62, 11,'2009-04-15', NULL),
(62, 82, 12,'2009-10-10', '2010-07-19'),
(64, 73, 13,'2009-04-28', NULL),
(64, 67, 14,'2009-06-14', '2009-11-25'),
(65, 80, 15,'2010-06-16', '2011-11-29'),
(70, 69, 16,'2010-06-18', NULL),
(82, 82, 17,'2009-08-25', NULL),
(87, 72, 18,'2009-05-15', NULL),
(75, 82, 19,'2009-08-22', NULL),
(70, 79, 20,'2009-07-20', '2010-02-05'),
(78, 77, 21,'2010-07-28', NULL),
(72, 73, 22,'2010-01-10', '2011-01-19'),
(73, 83, 23,'2010-03-27', '2011-06-20'),
(74, 84, 24,'2009-10-18', '2010-08-04'),
(75, 86, 25,'2009-04-25', '2009-08-17'),
(94, 94, 26,'2010-03-25', NULL),
(96, 80, 27,'2009-02-04', NULL),
(89, 92, 28,'2010-06-29', NULL),
(99, 81, 29,'2009-02-14', NULL),
(80, 87, 30,'2009-09-01', '2010-05-02'),
(81, 97, 31,'2009-12-07', '2010-11-12'),
(89, 97, 32,'2009-03-29', NULL),
(83, 100, 33,'2009-09-05', '2010-05-10'),
(84, 93, 34,'2010-07-31', '2012-02-27'),
(101, 105, 35,'2010-08-11', NULL),
(106, 94, 36,'2009-08-11', NULL),
(87, 103, 37,'2009-02-19', '2009-04-09'),
(99, 105, 38,'2010-07-22', NULL),
(89, 109, 39,'2009-11-02', '2010-09-03'),
(90, 94, 40,'2009-11-29', '2010-10-27'),
(106, 98, 41,'2010-03-19', NULL),
(101, 93, 42,'2010-06-11', NULL),
(93, 104, 43,'2010-02-01', '2011-03-04'),
(94, 97, 44,'2010-03-22', '2011-06-10'),
(95, 97, 45,'2009-02-24', '2009-04-19'),
(102, 108, 46,'2010-04-02', NULL),
(111, 109, 47,'2009-06-02', NULL),
(113, 108, 48,'2009-09-20', NULL),
(109, 119, 49,'2009-08-22', NULL),
(102, 118, 0,'2009-02-26', NULL),
(101, 108, 1,'2009-10-25', '2010-08-18'),
(114, 105, 2,'2009-08-06', NULL),
(103, 123, 3,'2009-09-03', '2010-05-06'),
(116, 111, 4,'2009-05-18', NULL),
(105, 122, 5,'2009-07-20', '2010-02-05'),
(106, 116, 6,'2010-05-20', '2011-10-06'),
(125, 111, 7,'2010-05-06', NULL),
(108, 125, 8,'2010-06-05', '2011-11-07'),
(118, 118, 9,'2009-07-11', NULL),
(110, 126, 10,'2009-12-03', '2010-11-04'),
(111, 128, 11,'2009-11-20', '2010-10-09'),
(112, 113, 12,'2009-10-26', '2010-08-20'),
(113, 125, 13,'2009-07-08', '2010-01-12'),
(116, 132, 14,'2009-02-15', NULL),
(115, 117, 15,'2009-09-06', '2010-05-12'),
(128, 125, 16,'2010-03-05', NULL),
(133, 129, 17,'2010-08-04', NULL),
(118, 123, 18,'2010-04-28', '2011-08-23'),
(129, 137, 19,'2009-06-02', NULL),
(122, 126, 20,'2009-05-31', NULL),
(123, 132, 21,'2010-05-16', NULL),
(122, 136, 22,'2010-07-21', '2012-02-07'),
(123, 137, 23,'2010-05-03', '2011-09-02'),
(124, 136, 24,'2010-05-22', '2011-10-10'),
(144, 144, 25,'2010-06-13', NULL),
(142, 146, 26,'2009-02-23', NULL),
(127, 130, 27,'2010-03-12', '2011-05-21'),
(148, 135, 28,'2010-04-20', NULL),
(129, 133, 29,'2010-07-30', '2012-02-25'),
(146, 146, 30,'2009-08-19', NULL),
(149, 140, 31,'2009-09-12', NULL),
(132, 137, 32,'2010-06-23', '2011-12-13'),
(144, 145, 33,'2009-10-11', NULL),
(134, 144, 34,'2010-02-16', '2011-04-03'),
(135, 147, 35,'2009-08-20', '2010-04-08'),
(155, 147, 36,'2009-07-16', NULL),
(137, 144, 37,'2010-07-09', '2012-01-14'),
(138, 148, 38,'2010-06-10', '2011-11-17'),
(139, 152, 39,'2010-03-12', '2011-05-21'),
(141, 149, 40,'2010-02-03', NULL),
(151, 156, 41,'2010-04-08', NULL),
(161, 148, 42,'2009-09-17', NULL),
(143, 158, 43,'2010-02-24', '2011-04-19'),
(144, 160, 44,'2009-09-26', '2010-06-21'),
(145, 164, 45,'2010-05-28', '2011-10-22'),
(156, 156, 46,'2010-08-09', NULL),
(147, 150, 47,'2009-04-10', '2009-07-18'),
(148, 168, 48,'2010-04-16', '2011-07-30'),
(152, 157, 49,'2010-07-11', NULL),
(150, 165, 0,'2009-11-05', '2010-09-09'),
(161, 158, 1,'2010-06-23', NULL),
(159, 160, 2,'2009-03-21', NULL),
(153, 167, 3,'2009-06-22', '2009-12-11'),
(154, 174, 4,'2009-06-23', '2009-12-13'),
(155, 171, 5,'2010-07-01', '2011-12-29'),
(173, 165, 6,'2010-05-29', NULL),
(169, 169, 7,'2009-12-07', NULL),
(169, 169, 8,'2009-10-14', NULL),
(159, 164, 9,'2010-03-24', '2011-06-14'),
(160, 177, 10,'2009-11-21', '2010-10-11'),
(163, 168, 11,'2009-04-13', NULL),
(168, 172, 12,'2009-02-22', NULL),
(166, 171, 13,'2010-08-13', NULL),
(183, 174, 14,'2009-09-14', NULL),
(184, 166, 15,'2010-02-03', NULL),
(166, 186, 16,'2009-11-08', '2010-09-15'),
(167, 171, 17,'2010-01-10', '2011-01-19'),
(180, 181, 18,'2010-02-24', NULL),
(169, 174, 19,'2009-10-24', '2010-08-16'),
(170, 180, 20,'2009-03-07', '2009-05-11'),
(171, 173, 21,'2010-03-10', '2011-05-17'),
(177, 191, 22,'2010-03-03', NULL),
(192, 192, 23,'2009-05-08', NULL),
(187, 183, 24,'2009-10-11', NULL),
(175, 192, 25,'2010-03-26', '2011-06-18'),
(176, 182, 26,'2009-10-02', '2010-07-03'),
(179, 191, 27,'2009-06-24', NULL),
(178, 189, 28,'2009-02-18', '2009-04-07'),
(191, 187, 29,'2010-06-04', NULL),
(198, 185, 30,'2009-05-27', NULL),
(194, 196, 31,'2009-11-29', NULL),
(193, 197, 32,'2009-11-09', NULL),
(183, 199, 33,'2010-06-20', '2011-12-07'),
(199, 202, 34,'2009-03-12', NULL),
(192, 204, 35,'2009-09-17', NULL),
(196, 198, 36,'2010-03-05', NULL),
(187, 201, 37,'2010-01-19', '2011-02-06'),
(188, 202, 38,'2010-04-24', '2011-08-15'),
(206, 197, 39,'2009-05-13', NULL),
(193, 192, 40,'2009-07-01', NULL),
(191, 193, 41,'2010-06-06', '2011-11-09'),
(192, 201, 42,'2009-10-02', '2010-07-03'),
(203, 204, 43,'2009-10-12', NULL),
(203, 199, 44,'2009-07-12', NULL),
(195, 197, 45,'2010-05-05', '2011-09-06'),
(200, 214, 46,'2010-03-19', NULL),
(197, 215, 47,'2009-03-08', '2009-05-13'),
(198, 215, 48,'2009-03-31', '2009-06-28'),
(209, 209, 49,'2010-02-28', NULL),
(210, 203, 0,'2009-08-12', NULL),
(201, 214, 1,'2009-12-22', '2010-12-12'),
(204, 217, 2,'2009-06-05', NULL),
(203, 216, 3,'2010-04-05', '2011-07-08'),
(204, 217, 4,'2009-09-15', '2010-05-30'),
(205, 207, 5,'2009-04-25', '2009-08-17'),
(206, 210, 6,'2010-01-29', '2011-02-26'),
(207, 226, 7,'2009-03-12', '2009-05-21'),
(208, 227, 8,'2009-06-05', '2009-11-07'),
(209, 228, 9,'2009-05-15', '2009-09-26'),
(224, 225, 10,'2009-12-05', NULL),
(223, 216, 11,'2009-07-06', NULL),
(212, 225, 12,'2009-02-26', '2009-04-23'),
(213, 219, 13,'2010-07-04', '2012-01-04'),
(227, 225, 14,'2009-11-04', NULL),
(215, 219, 15,'2009-03-10', '2009-05-17'),
(232, 235, 16,'2009-11-20', NULL),
(221, 219, 17,'2010-02-10', NULL),
(224, 236, 18,'2009-04-04', NULL),
(219, 220, 19,'2010-03-21', '2011-06-08'),
(227, 239, 20,'2009-12-01', NULL),
(221, 226, 21,'2009-05-30', '2009-10-26'),
(226, 241, 22,'2010-08-04', NULL),
(224, 233, 23,'2009-12-27', NULL),
(241, 236, 24,'2009-02-19', NULL),
(233, 233, 25,'2010-01-24', NULL),
(231, 246, 26,'2009-07-09', NULL),
(238, 244, 27,'2010-05-01', NULL),
(231, 245, 28,'2010-02-02', NULL),
(240, 232, 29,'2010-06-01', NULL),
(230, 234, 30,'2010-05-18', '2011-10-02'),
(245, 241, 31,'2009-11-29', NULL),
(232, 239, 32,'2009-04-11', '2009-07-20'),
(240, 247, 33,'2009-09-30', NULL),
(234, 247, 34,'2009-03-26', '2009-06-18'),
(235, 244, 35,'2010-03-12', '2011-05-21'),
(236, 248, 36,'2009-06-09', '2009-11-15'),
(243, 248, 37,'2010-02-23', NULL),
(258, 243, 38,'2009-08-29', NULL),
(239, 242, 39,'2009-12-19', '2010-12-06'),
(247, 248, 40,'2010-03-18', NULL),
(241, 244, 41,'2009-05-11', '2009-09-18'),
(242, 249, 42,'2010-05-07', '2011-09-10'),
(254, 250, 43,'2010-08-09', NULL),
(262, 251, 44,'2009-08-12', NULL),
(245, 259, 45,'2010-04-26', '2011-08-19'),
(246, 262, 46,'2009-08-10', '2010-03-19'),
(249, 259, 47,'2009-06-18', NULL),
(265, 267, 48,'2009-10-20', NULL),
(249, 253, 49,'2010-04-23', '2011-08-13'),
(250, 259, 0,'2009-08-02', '2010-03-03'),
(255, 263, 1,'2010-02-01', NULL),
(271, 267, 2,'2009-09-05', NULL),
(257, 255, 3,'2009-10-27', NULL),
(261, 261, 4,'2010-01-25', NULL),
(269, 258, 5,'2009-03-08', NULL),
(266, 260, 6,'2009-08-21', NULL),
(258, 268, 7,'2010-07-21', NULL),
(270, 278, 8,'2010-01-05', NULL),
(259, 270, 9,'2009-07-10', '2010-01-16'),
(260, 269, 10,'2009-09-30', '2010-06-29'),
(272, 275, 11,'2009-11-03', NULL),
(276, 271, 12,'2009-07-08', NULL),
(269, 274, 13,'2009-03-14', NULL),
(264, 282, 14,'2009-07-09', '2010-01-14'),
(280, 284, 15,'2009-04-06', NULL),
(278, 273, 16,'2010-03-26', NULL),
(277, 286, 17,'2009-02-22', NULL),
(268, 278, 18,'2010-07-13', '2012-01-22'),
(269, 271, 19,'2009-01-31', '2009-03-02'),
(277, 285, 20,'2010-05-07', NULL),
(271, 277, 21,'2009-05-10', '2009-09-16'),
(272, 282, 22,'2009-09-22', '2010-06-13'),
(292, 279, 23,'2009-06-04', NULL),
(274, 280, 24,'2009-07-09', '2010-01-14'),
(275, 276, 25,'2009-12-21', '2010-12-10'),
(290, 285, 26,'2010-02-09', NULL),
(277, 291, 27,'2010-06-25', '2011-12-17'),
(278, 282, 28,'2010-07-23', '2012-02-11'),
(279, 287, 29,'2009-04-11', '2009-07-20'),
(280, 284, 30,'2009-07-09', '2010-01-14'),
(298, 300, 31,'2009-09-30', NULL),
(302, 294, 32,'2010-03-28', NULL),
(301, 299, 33,'2010-06-06', NULL),
(284, 297, 34,'2010-01-23', '2011-02-14'),
(290, 293, 35,'2010-05-04', NULL),
(305, 296, 36,'2009-11-08', NULL),
(287, 291, 37,'2010-07-20', '2012-02-05'),
(293, 301, 38,'2010-02-09', NULL),
(289, 293, 39,'2009-08-07', '2010-03-13'),
(290, 300, 40,'2009-06-16', '2009-11-29'),
(291, 302, 41,'2010-03-09', '2011-05-15'),
(292, 302, 42,'2010-08-10', '2012-03-18'),
(293, 306, 43,'2009-11-26', '2010-10-21'),
(294, 307, 44,'2010-01-02', '2011-01-03'),
(295, 314, 45,'2010-01-03', '2011-01-05'),
(296, 314, 46,'2009-03-27', '2009-06-20'),
(297, 312, 47,'2009-04-13', '2009-07-24'),
(298, 303, 48,'2009-08-04', '2010-03-07'),
(299, 314, 49,'2009-02-21', '2009-04-13'),
(300, 309, 0,'2009-07-23', '2010-02-11'),
(303, 313, 1,'2009-09-06', NULL),
(302, 309, 2,'2010-02-25', '2011-04-21'),
(311, 315, 3,'2010-04-26', NULL),
(304, 323, 4,'2009-09-24', '2010-06-17'),
(313, 311, 5,'2009-08-18', NULL),
(326, 323, 6,'2009-08-16', NULL),
(307, 321, 7,'2009-03-18', '2009-06-02'),
(319, 319, 8,'2009-11-16', NULL),
(309, 328, 9,'2009-02-18', '2009-04-07'),
(319, 325, 10,'2009-03-13', NULL),
(316, 330, 11,'2009-12-01', NULL),
(312, 317, 12,'2010-03-30', '2011-06-26'),
(313, 318, 13,'2010-04-30', '2011-08-27'),
(322, 330, 14,'2009-07-15', NULL),
(315, 325, 15,'2010-07-19', '2012-02-03'),
(321, 332, 16,'2009-09-14', NULL),
(317, 323, 17,'2010-01-21', '2011-02-10'),
(334, 335, 18,'2010-03-16', NULL),
(338, 329, 19,'2009-05-15', NULL),
(338, 338, 20,'2009-08-13', NULL),
(321, 331, 21,'2010-06-25', '2011-12-17'),
(322, 332, 22,'2009-02-17', '2009-04-05'),
(323, 335, 23,'2010-05-28', '2011-10-22'),
(324, 325, 24,'2009-05-07', '2009-09-10'),
(325, 340, 25,'2010-02-25', '2011-04-21'),
(346, 346, 26,'2010-01-14', NULL),
(343, 344, 27,'2009-05-16', NULL),
(328, 345, 28,'2009-07-16', '2010-01-28'),
(329, 346, 29,'2010-02-16', '2011-04-03'),
(330, 347, 30,'2009-04-11', '2009-07-20'),
(347, 332, 31,'2009-05-03', NULL),
(335, 335, 32,'2010-03-02', NULL),
(340, 337, 33,'2009-03-06', NULL),
(335, 344, 34,'2010-05-24', NULL),
(351, 353, 35,'2010-05-24', NULL),
(336, 346, 36,'2009-11-18', '2010-10-05'),
(342, 348, 37,'2009-11-08', NULL),
(338, 349, 38,'2009-09-01', '2010-05-02'),
(339, 342, 39,'2009-08-17', '2010-04-02'),
(340, 357, 40,'2010-04-01', '2011-06-30'),
(341, 357, 41,'2010-01-12', '2011-01-23'),
(342, 355, 42,'2010-01-24', '2011-02-16'),
(343, 356, 43,'2010-08-14', '2012-03-26'),
(349, 347, 44,'2010-05-14', NULL),
(345, 361, 45,'2010-02-09', '2011-03-20'),
(346, 352, 46,'2009-06-08', '2009-11-13'),
(358, 363, 47,'2009-06-28', NULL),
(359, 366, 48,'2009-05-07', NULL),
(368, 355, 49,'2010-01-29', NULL),
(362, 352, 0,'2009-06-03', NULL),
(351, 364, 1,'2010-06-09', '2011-11-15'),
(352, 358, 2,'2010-04-11', '2011-07-20'),
(353, 362, 3,'2009-06-07', '2009-11-11'),
(373, 367, 4,'2010-03-03', NULL),
(355, 364, 5,'2010-04-13', '2011-07-24'),
(356, 371, 6,'2010-02-25', '2011-04-21'),
(357, 369, 7,'2009-08-23', '2010-04-14'),
(358, 368, 8,'2010-01-26', '2011-02-20'),
(359, 365, 9,'2010-04-03', '2011-07-04'),
(360, 361, 10,'2009-03-02', '2009-05-01'),
(361, 380, 11,'2009-04-09', '2009-07-16'),
(378, 370, 12,'2009-11-11', NULL),
(373, 382, 13,'2009-09-09', NULL),
(378, 383, 14,'2010-07-18', NULL),
(384, 384, 15,'2009-05-25', NULL),
(376, 383, 16,'2010-02-15', NULL),
(367, 383, 17,'2009-10-15', '2010-07-29'),
(376, 382, 18,'2009-02-22', NULL),
(369, 370, 19,'2009-05-30', '2009-10-26'),
(370, 387, 20,'2010-01-11', '2011-01-21'),
(386, 384, 21,'2009-05-05', NULL),
(372, 391, 22,'2009-09-26', '2010-06-21'),
(388, 388, 23,'2010-03-31', NULL),
(387, 381, 24,'2009-07-17', NULL),
(389, 377, 25,'2009-02-06', NULL),
(376, 388, 26,'2009-04-04', '2009-07-06'),
(394, 384, 27,'2009-12-29', NULL),
(378, 397, 28,'2010-08-02', '2012-03-02'),
(388, 397, 29,'2009-04-15', NULL),
(399, 400, 30,'2009-06-09', NULL),
(399, 385, 31,'2010-06-02', NULL),
(382, 393, 32,'2010-06-24', '2011-12-15'),
(385, 398, 33,'2010-01-09', NULL),
(396, 392, 34,'2010-03-24', NULL),
(385, 401, 35,'2009-03-22', '2009-06-10'),
(389, 389, 36,'2009-06-29', NULL),
(406, 389, 37,'2010-07-31', NULL),
(388, 399, 38,'2009-11-28', '2010-10-25'),
(401, 405, 39,'2009-06-10', NULL),
(390, 398, 40,'2009-08-04', '2010-03-07'),
(391, 404, 41,'2009-02-13', '2009-03-28'),
(392, 406, 42,'2010-07-05', '2012-01-06'),
(393, 407, 43,'2009-03-22', '2009-06-10'),
(394, 401, 44,'2009-02-28', '2009-04-27'),
(395, 400, 45,'2010-04-30', '2011-08-27'),
(396, 409, 46,'2010-04-03', '2011-07-04'),
(400, 415, 47,'2009-09-28', NULL),
(398, 402, 48,'2009-11-11', '2010-09-21'),
(399, 406, 49,'2010-06-03', '2011-11-03'),
(400, 411, 0,'2009-05-14', '2009-09-24'),
(421, 416, 1,'2010-01-31', NULL),
(421, 406, 2,'2010-02-25', NULL),
(403, 414, 3,'2009-03-06', '2009-05-09'),
(404, 410, 4,'2009-12-12', '2010-11-22'),
(405, 410, 5,'2009-05-27', '2009-10-20'),
(406, 412, 6,'2009-02-20', '2009-04-11'),
(407, 409, 7,'2010-04-24', '2011-08-15'),
(420, 411, 8,'2010-06-16', NULL),
(412, 414, 9,'2010-07-29', NULL),
(424, 419, 10,'2010-03-15', NULL),
(418, 427, 11,'2010-07-08', NULL),
(427, 419, 12,'2010-01-20', NULL),
(413, 424, 13,'2009-06-20', '2009-12-07'),
(422, 424, 14,'2009-10-25', NULL),
(430, 423, 15,'2010-03-14', NULL),
(426, 431, 16,'2009-12-29', NULL),
(423, 435, 17,'2010-08-02', NULL),
(418, 433, 18,'2010-06-01', '2011-10-30'),
(428, 428, 19,'2010-02-07', NULL),
(436, 430, 20,'2009-05-07', NULL),
(421, 427, 21,'2010-08-14', '2012-03-26'),
(423, 438, 22,'2010-07-31', NULL),
(426, 436, 23,'2009-03-18', NULL),
(437, 426, 24,'2009-09-30', NULL),
(432, 436, 25,'2009-12-18', NULL),
(440, 430, 26,'2009-08-27', NULL),
(443, 434, 27,'2010-05-20', NULL),
(436, 431, 28,'2010-04-18', NULL),
(429, 442, 29,'2009-08-08', '2010-03-15'),
(430, 441, 30,'2010-01-23', '2011-02-14'),
(440, 433, 31,'2010-07-30', NULL),
(432, 438, 32,'2009-07-02', '2009-12-31'),
(435, 438, 33,'2009-02-24', NULL),
(443, 435, 34,'2010-01-05', NULL),
(435, 441, 35,'2009-11-15', '2010-09-29'),
(436, 454, 36,'2009-12-25', '2010-12-18'),
(446, 450, 37,'2009-07-08', NULL),
(453, 449, 38,'2010-07-28', NULL),
(439, 448, 39,'2010-06-06', '2011-11-09'),
(441, 448, 40,'2010-07-29', NULL),
(447, 452, 41,'2009-11-01', NULL),
(442, 448, 42,'2009-12-25', '2010-12-18'),
(443, 463, 43,'2009-10-21', '2010-08-10'),
(452, 455, 44,'2010-05-18', NULL),
(445, 455, 45,'2009-12-08', '2010-11-14'),
(446, 451, 46,'2009-10-08', '2010-07-15'),
(447, 449, 47,'2010-05-02', '2011-08-31'),
(448, 449, 48,'2009-06-09', '2009-11-15'),
(451, 459, 49,'2010-08-13', NULL),
(450, 468, 0,'2010-04-07', '2011-07-12'),
(451, 463, 1,'2010-01-30', '2011-02-28'),
(452, 467, 2,'2009-06-22', '2009-12-11'),
(453, 465, 3,'2010-04-24', '2011-08-15'),
(470, 474, 4,'2009-02-14', NULL),
(458, 471, 5,'2010-08-06', NULL),
(476, 475, 6,'2009-12-31', NULL),
(476, 476, 7,'2010-03-02', NULL),
(458, 472, 8,'2010-04-24', '2011-08-15'),
(470, 470, 9,'2010-07-17', NULL),
(462, 479, 10,'2010-08-12', NULL),
(480, 479, 11,'2009-02-17', NULL),
(473, 481, 12,'2009-12-26', NULL),
(483, 468, 13,'2009-09-01', NULL),
(476, 481, 14,'2009-06-11', NULL),
(465, 476, 15,'2009-08-19', '2010-04-06'),
(477, 480, 16,'2009-12-28', NULL),
(468, 484, 17,'2010-03-23', NULL),
(468, 476, 18,'2010-03-10', '2011-05-17'),
(469, 485, 19,'2010-05-21', '2011-10-08'),
(470, 471, 20,'2009-11-16', '2010-10-01'),
(483, 488, 21,'2009-05-03', NULL),
(482, 481, 22,'2009-03-18', NULL),
(473, 490, 23,'2009-05-29', '2009-10-24'),
(474, 487, 24,'2009-09-29', '2010-06-27'),
(475, 492, 25,'2009-06-20', '2009-12-07'),
(476, 491, 26,'2010-04-06', '2011-07-10'),
(477, 478, 27,'2010-07-03', '2012-01-02'),
(478, 487, 28,'2009-07-12', '2010-01-20'),
(479, 482, 29,'2009-09-07', '2010-05-14'),
(480, 488, 30,'2010-01-05', '2011-01-09'),
(481, 492, 31,'2009-04-25', '2009-08-17'),
(483, 483, 32,'2009-11-24', NULL),
(483, 496, 33,'2010-02-09', '2011-03-20'),
(484, 504, 34,'2010-02-16', '2011-04-03'),
(485, 491, 35,'2009-11-25', '2010-10-19'),
(486, 505, 36,'2010-07-14', '2012-01-24'),
(500, 505, 37,'2009-05-25', NULL),
(488, 494, 38,'2009-03-18', '2009-06-02'),
(491, 508, 39,'2010-05-11', NULL),
(490, 497, 40,'2009-09-03', '2010-05-06'),
(491, 494, 41,'2010-03-13', '2011-05-23'),
(492, 500, 42,'2009-02-14', '2009-03-30'),
(493, 506, 43,'2010-07-13', '2012-01-22'),
(506, 496, 44,'2009-09-11', NULL),
(506, 511, 45,'2010-02-16', NULL),
(508, 505, 46,'2009-11-11', NULL),
(515, 501, 47,'2009-09-03', NULL),
(498, 504, 48,'2010-03-10', '2011-05-17'),
(502, 505, 49,'2009-07-01', NULL),
(515, 502, 0,'2010-08-16', NULL),
(501, 508, 1,'2009-09-04', '2010-05-08'),
(517, 506, 2,'2009-04-05', NULL),
(503, 505, 3,'2009-06-09', '2009-11-15'),
(504, 518, 4,'2010-05-05', '2011-09-06'),
(516, 520, 5,'2010-04-13', NULL),
(523, 510, 6,'2010-08-03', NULL),
(507, 524, 7,'2009-10-05', '2010-07-09'),
(520, 516, 8,'2009-08-20', NULL),
(529, 523, 9,'2009-09-11', NULL),
(510, 517, 10,'2010-04-08', '2011-07-14'),
(511, 531, 11,'2009-11-20', '2010-10-09'),
(512, 526, 12,'2009-11-21', '2010-10-11'),
(520, 527, 13,'2010-07-29', NULL),
(514, 527, 14,'2010-02-24', '2011-04-19'),
(518, 532, 15,'2009-06-01', NULL),
(524, 531, 16,'2010-05-26', NULL),
(517, 526, 17,'2009-05-08', '2009-09-12'),
(537, 524, 18,'2009-10-28', NULL),
(519, 525, 19,'2010-01-30', '2011-02-28'),
(520, 528, 20,'2009-07-23', '2010-02-11'),
(529, 539, 21,'2009-09-12', NULL),
(530, 541, 22,'2010-02-18', NULL),
(542, 540, 23,'2010-03-13', NULL),
(543, 542, 24,'2010-04-19', NULL),
(526, 526, 25,'2009-11-18', NULL),
(526, 541, 26,'2009-03-30', '2009-06-26'),
(527, 546, 27,'2010-04-19', '2011-08-05'),
(528, 532, 28,'2010-06-21', '2011-12-09'),
(537, 545, 29,'2010-01-07', NULL),
(534, 541, 30,'2010-07-30', NULL),
(547, 539, 31,'2009-02-05', NULL),
(546, 542, 32,'2009-07-07', NULL),
(535, 542, 33,'2009-07-11', NULL),
(539, 545, 34,'2009-02-18', NULL),
(549, 551, 35,'2009-11-12', NULL),
(536, 546, 36,'2009-09-13', '2010-05-26'),
(537, 538, 37,'2010-07-27', '2012-02-19'),
(550, 548, 38,'2010-06-14', NULL),
(539, 542, 39,'2010-05-19', '2011-10-04'),
(540, 554, 40,'2009-06-11', '2009-11-19'),
(541, 545, 41,'2010-01-17', '2011-02-02'),
(559, 548, 42,'2010-08-10', NULL),
(543, 545, 43,'2010-05-01', '2011-08-29'),
(544, 564, 44,'2009-06-18', '2009-12-03'),
(555, 550, 45,'2009-08-22', NULL),
(546, 552, 46,'2009-05-11', '2009-09-18'),
(560, 548, 47,'2009-06-05', NULL),
(549, 567, 48,'2010-01-15', NULL),
(561, 564, 49,'2010-07-06', NULL),
(552, 567, 0,'2010-02-21', NULL),
(560, 559, 1,'2009-03-24', NULL),
(572, 557, 2,'2010-02-24', NULL),
(561, 573, 3,'2009-02-21', NULL),
(573, 567, 4,'2009-10-10', NULL),
(555, 566, 5,'2010-04-19', '2011-08-05'),
(556, 566, 6,'2009-05-04', '2009-09-04'),
(557, 577, 7,'2010-07-10', '2012-01-16'),
(558, 565, 8,'2010-02-27', '2011-04-25'),
(559, 567, 9,'2010-04-22', '2011-08-11'),
(560, 569, 10,'2009-05-22', '2009-10-10'),
(565, 577, 11,'2010-07-28', NULL),
(581, 579, 12,'2009-11-24', NULL),
(563, 574, 13,'2010-01-09', '2011-01-17'),
(568, 578, 14,'2009-10-15', NULL),
(565, 575, 15,'2010-06-03', '2011-11-03'),
(568, 569, 16,'2010-02-23', NULL),
(567, 574, 17,'2009-03-22', '2009-06-10'),
(568, 572, 18,'2010-03-16', '2011-05-29'),
(569, 589, 19,'2009-02-06', '2009-03-14'),
(570, 574, 20,'2009-02-28', '2009-04-27'),
(589, 576, 21,'2009-05-09', NULL),
(572, 583, 22,'2009-03-24', '2009-06-14'),
(573, 588, 23,'2009-02-13', '2009-03-28'),
(574, 586, 24,'2010-04-08', '2011-07-14'),
(589, 581, 25,'2009-12-23', NULL),
(587, 593, 26,'2009-12-26', NULL),
(577, 595, 27,'2009-12-18', '2010-12-04'),
(578, 588, 28,'2009-11-27', '2010-10-23'),
(579, 585, 29,'2009-07-19', '2010-02-03'),
(580, 587, 30,'2009-05-26', '2009-10-18'),
(594, 599, 31,'2009-05-11', NULL),
(582, 595, 32,'2009-10-28', '2010-08-24'),
(583, 589, 33,'2010-04-05', '2011-07-08'),
(584, 600, 34,'2010-08-09', '2012-03-16'),
(599, 603, 35,'2009-03-10', NULL),
(586, 588, 36,'2009-09-07', '2010-05-14'),
(6, 592, 37,'2010-06-02', NULL),
(593, 608, 38,'2009-03-02', NULL),
(598, 605, 39,'2009-08-13', NULL),
(590, 606, 40,'2009-10-13', '2010-07-25'),
(591, 608, 41,'2009-05-11', '2009-09-18'),
(6, 603, 42,'2009-02-06', NULL),
(599, 596, 43,'2009-04-20', NULL),
(13, 611, 44,'2009-04-08', NULL),
(4, 614, 45,'2009-08-10', NULL),
(596, 605, 46,'2010-02-02', '2011-03-06'),
(597, 598, 47,'2009-04-11', '2009-07-20'),
(598, 615, 48,'2009-12-12', '2010-11-22'),
(599, 612, 49,'2009-08-08', '2010-03-15'),
(12, 603, 0,'2010-08-03', NULL),
(601, 611, 1,'2009-12-18', '2010-12-04'),
(602, 612, 2,'2010-02-13', '2011-03-28'),
(8, 615, 3,'2010-05-11', NULL),
(10, 613, 4,'2009-11-06', NULL),
(22, 612, 5,'2010-07-06', NULL),
(606, 617, 6,'2009-05-04', '2009-09-04'),
(607, 616, 7,'2009-12-03', '2010-11-04'),
(608, 617, 8,'2009-08-31', '2010-04-30'),
(609, 618, 9,'2010-05-29', '2011-10-24'),
(610, 625, 10,'2009-06-14', '2009-11-25'),
(611, 615, 11,'2009-10-09', '2010-07-17'),
(24, 628, 12,'2010-04-19', NULL),
(20, 621, 13,'2009-11-23', NULL),
(28, 624, 14,'2010-05-06', NULL),
(615, 635, 15,'2010-01-13', '2011-01-25'),
(616, 633, 16,'2010-01-20', '2011-02-08'),
(617, 634, 17,'2009-11-01', '2010-09-01'),
(24, 625, 18,'2009-09-21', NULL),
(619, 633, 19,'2010-07-29', '2012-02-23'),
(32, 628, 20,'2010-06-22', NULL),
(37, 641, 21,'2009-12-17', NULL),
(41, 633, 22,'2009-10-07', NULL),
(623, 641, 23,'2009-10-27', '2010-08-22'),
(624, 625, 24,'2009-11-25', '2010-10-19'),
(625, 643, 25,'2009-11-11', '2010-09-21'),
(35, 641, 26,'2010-05-25', NULL),
(627, 629, 27,'2010-04-07', '2011-07-12'),
(39, 642, 28,'2010-05-21', NULL),
(629, 630, 29,'2009-07-28', '2010-02-21'),
(630, 636, 30,'2010-05-24', '2011-10-14'),
(48, 632, 31,'2009-02-04', NULL),
(632, 645, 32,'2009-12-16', '2010-11-30'),
(40, 639, 33,'2009-03-21', NULL),
(634, 637, 34,'2010-06-01', '2011-10-30'),
(36, 652, 35,'2010-07-24', NULL),
(37, 647, 36,'2009-12-24', NULL),
(637, 641, 37,'2010-02-13', '2011-03-28'),
(638, 655, 38,'2010-06-20', '2011-12-07'),
(639, 644, 39,'2009-12-06', '2010-11-10'),
(640, 655, 40,'2010-01-05', '2011-01-09'),
(641, 650, 41,'2010-07-19', '2012-02-03'),
(50, 653, 42,'2009-03-13', NULL),
(55, 647, 43,'2009-08-27', NULL),
(644, 657, 44,'2009-02-24', '2009-04-19'),
(645, 648, 45,'2009-12-24', '2010-12-16'),
(64, 652, 46,'2009-07-30', NULL),
(647, 653, 47,'2010-07-30', '2012-02-25'),
(648, 667, 48,'2010-08-10', '2012-03-18'),
(649, 658, 49,'2009-03-28', '2009-06-22'),
(64, 659, 0,'2010-08-09', NULL),
(651, 663, 1,'2010-06-08', '2011-11-13'),
(71, 660, 2,'2010-05-17', NULL),
(55, 663, 3,'2009-11-08', NULL),
(57, 659, 4,'2009-05-15', NULL),
(655, 660, 5,'2009-02-21', '2009-04-13'),
(656, 663, 6,'2010-07-23', '2012-02-11'),
(657, 664, 7,'2010-05-13', '2011-09-22'),
(64, 659, 8,'2010-02-05', NULL),
(659, 674, 9,'2010-03-13', '2011-05-23'),
(75, 669, 10,'2009-03-18', NULL),
(661, 680, 11,'2009-12-28', '2010-12-24'),
(78, 664, 12,'2009-07-22', NULL),
(663, 667, 13,'2010-01-31', '2011-03-02'),
(78, 674, 14,'2010-02-01', NULL),
(81, 681, 15,'2009-03-04', NULL),
(666, 667, 16,'2010-06-22', '2011-12-11'),
(82, 679, 17,'2009-07-16', NULL),
(668, 676, 18,'2010-07-21', '2012-02-07'),
(80, 686, 19,'2009-05-17', NULL),
(76, 675, 20,'2010-07-09', NULL),
(671, 690, 21,'2010-04-27', '2011-08-21'),
(672, 684, 22,'2009-03-25', '2009-06-16'),
(86, 693, 23,'2010-02-11', NULL),
(674, 687, 24,'2010-05-08', '2011-09-12'),
(81, 691, 25,'2010-01-09', NULL),
(77, 688, 26,'2009-08-07', NULL),
(87, 685, 27,'2009-02-26', NULL),
(88, 682, 28,'2009-05-18', NULL),
(679, 697, 29,'2010-08-18', '2012-04-03'),
(680, 684, 30,'2009-08-19', '2010-04-06'),
(93, 690, 31,'2010-04-12', NULL),
(682, 690, 32,'2010-03-19', '2011-06-04'),
(683, 694, 33,'2009-08-21', '2010-04-10'),
(684, 689, 34,'2010-02-04', '2011-03-10'),
(97, 691, 35,'2010-03-04', NULL),
(98, 691, 36,'2009-07-27', NULL),
(687, 689, 37,'2010-07-19', '2012-02-03'),
(688, 691, 38,'2009-11-15', '2010-09-29'),
(689, 701, 39,'2009-08-29', '2010-04-26'),
(690, 704, 40,'2009-03-09', '2009-05-15'),
(691, 709, 41,'2010-02-02', '2011-03-06'),
(97, 705, 42,'2009-09-10', NULL),
(693, 699, 43,'2010-03-08', '2011-05-13'),
(108, 711, 44,'2010-05-08', NULL),
(695, 702, 45,'2009-06-26', '2009-12-19'),
(97, 709, 46,'2010-03-24', NULL),
(108, 703, 47,'2010-05-16', NULL),
(698, 716, 48,'2010-06-01', '2011-10-30'),
(118, 714, 49,'2010-02-01', NULL),
(700, 719, 0,'2009-11-13', '2010-09-25'),
(701, 706, 1,'2009-07-14', '2010-01-24'),
(120, 715, 2,'2009-10-03', NULL),
(703, 716, 3,'2009-10-17', '2010-08-02'),
(704, 714, 4,'2009-08-15', '2010-03-29'),
(705, 717, 5,'2009-06-17', '2009-12-01'),
(125, 724, 6,'2009-04-15', NULL),
(707, 724, 7,'2009-02-28', '2009-04-27'),
(126, 728, 8,'2010-03-18', NULL),
(709, 717, 9,'2010-06-25', '2011-12-17'),
(710, 718, 10,'2009-05-23', '2009-10-12'),
(126, 712, 11,'2009-06-15', NULL),
(123, 727, 12,'2009-06-13', NULL),
(713, 716, 13,'2009-07-07', '2010-01-10'),
(127, 724, 14,'2009-03-10', NULL),
(128, 725, 15,'2009-08-30', NULL),
(716, 726, 16,'2009-05-12', '2009-09-20'),
(121, 726, 17,'2009-06-19', NULL),
(718, 733, 18,'2009-03-11', '2009-05-19'),
(134, 722, 19,'2010-05-28', NULL),
(720, 732, 20,'2009-04-20', '2009-08-07'),
(140, 731, 21,'2009-05-12', NULL),
(123, 739, 22,'2009-03-15', NULL),
(723, 736, 23,'2009-11-04', '2010-09-07'),
(125, 731, 24,'2009-07-02', NULL),
(143, 729, 25,'2010-04-28', NULL),
(142, 731, 26,'2009-09-08', NULL),
(727, 729, 27,'2010-04-10', '2011-07-18'),
(134, 731, 28,'2010-07-24', NULL),
(139, 748, 29,'2009-09-18', NULL),
(730, 731, 30,'2009-03-10', '2009-05-17'),
(134, 748, 31,'2009-02-10', NULL),
(732, 741, 32,'2009-08-23', '2010-04-14'),
(150, 735, 33,'2009-12-05', NULL),
(141, 741, 34,'2010-08-20', NULL),
(138, 749, 35,'2010-03-10', NULL),
(145, 752, 36,'2009-08-31', NULL),
(737, 755, 37,'2009-04-20', '2009-08-07'),
(738, 757, 38,'2010-01-02', '2011-01-03'),
(739, 750, 39,'2009-11-21', '2010-10-11'),
(155, 750, 40,'2009-04-27', NULL),
(741, 757, 41,'2009-11-18', '2010-10-05'),
(150, 748, 42,'2009-06-02', NULL),
(163, 753, 43,'2009-03-20', NULL),
(744, 746, 44,'2009-07-14', '2010-01-24'),
(155, 763, 45,'2009-02-18', NULL),
(746, 748, 46,'2009-06-19', '2009-12-05'),
(158, 761, 47,'2010-01-29', NULL),
(748, 750, 48,'2009-12-06', '2010-11-10'),
(152, 761, 49,'2010-07-12', NULL),
(161, 768, 0,'2010-05-09', NULL),
(171, 771, 1,'2009-03-12', NULL),
(752, 755, 2,'2009-09-06', '2010-05-12'),
(753, 758, 3,'2010-06-11', '2011-11-19'),
(754, 760, 4,'2009-11-10', '2010-09-19'),
(174, 760, 5,'2009-09-30', NULL),
(169, 775, 6,'2010-02-06', NULL),
(757, 766, 7,'2010-03-12', '2011-05-21'),
(758, 763, 8,'2010-05-12', '2011-09-20'),
(172, 765, 9,'2009-07-31', NULL),
(760, 774, 10,'2010-04-27', '2011-08-21'),
(761, 780, 11,'2010-02-27', '2011-04-25'),
(177, 775, 12,'2010-03-28', NULL),
(763, 764, 13,'2009-10-11', '2010-07-21'),
(183, 775, 14,'2010-08-08', NULL),
(183, 770, 15,'2009-09-20', NULL),
(185, 777, 16,'2010-05-19', NULL),
(169, 769, 17,'2009-12-15', NULL),
(768, 769, 18,'2010-04-14', '2011-07-26'),
(769, 785, 19,'2009-12-13', '2010-11-24'),
(770, 785, 20,'2009-10-28', '2010-08-24'),
(771, 778, 21,'2009-08-31', '2010-04-30'),
(772, 788, 22,'2009-07-05', '2010-01-06'),
(178, 775, 23,'2010-03-10', NULL),
(774, 791, 24,'2009-06-05', '2009-11-07'),
(187, 784, 25,'2009-11-02', NULL),
(186, 781, 26,'2009-10-24', NULL),
(191, 797, 27,'2010-01-21', NULL),
(778, 784, 28,'2009-10-24', '2010-08-16'),
(185, 784, 29,'2010-03-03', NULL),
(182, 792, 30,'2009-10-10', NULL),
(781, 790, 31,'2010-05-25', '2011-10-16'),
(202, 787, 32,'2009-08-19', NULL),
(783, 797, 33,'2009-04-10', '2009-07-18'),
(185, 797, 34,'2010-04-21', NULL),
(201, 794, 35,'2009-08-16', NULL),
(786, 797, 36,'2009-10-22', '2010-08-12'),
(196, 806, 37,'2010-03-08', NULL),
(190, 790, 38,'2010-07-26', NULL),
(194, 793, 39,'2010-08-18', NULL),
(790, 809, 40,'2010-08-07', '2012-03-12'),
(198, 795, 41,'2009-05-25', NULL),
(792, 794, 42,'2010-03-08', '2011-05-13'),
(199, 805, 43,'2009-07-22', NULL),
(794, 797, 44,'2009-09-04', '2010-05-08'),
(795, 815, 45,'2010-06-27', '2011-12-21'),
(796, 804, 46,'2009-12-30', '2010-12-28'),
(204, 811, 47,'2009-09-13', NULL),
(798, 814, 48,'2009-08-19', '2010-04-06'),
(799, 813, 49,'2010-07-06', '2012-01-08'),
(203, 809, 0,'2009-05-11', NULL),
(206, 812, 1,'2009-12-22', NULL),
(210, 809, 2,'2009-09-20', NULL),
(222, 819, 3,'2009-10-28', NULL),
(212, 808, 4,'2010-07-09', NULL),
(805, 810, 5,'2009-03-30', '2009-06-26'),
(226, 812, 6,'2009-10-27', NULL),
(223, 815, 7,'2010-03-24', NULL),
(213, 810, 8,'2009-10-12', NULL),
(809, 826, 9,'2009-09-22', '2010-06-13'),
(229, 825, 10,'2009-10-26', NULL),
(811, 819, 11,'2010-06-22', '2011-12-11'),
(228, 826, 12,'2009-09-17', NULL),
(813, 828, 13,'2009-03-07', '2009-05-11'),
(814, 828, 14,'2009-02-22', '2009-04-15'),
(815, 832, 15,'2010-05-06', '2011-09-08'),
(226, 827, 16,'2010-04-05', NULL),
(817, 825, 17,'2009-06-30', '2009-12-27'),
(818, 819, 18,'2009-12-21', '2010-12-10'),
(220, 827, 19,'2010-06-08', NULL),
(820, 828, 20,'2009-07-13', '2010-01-22'),
(238, 831, 21,'2009-12-13', NULL),
(822, 842, 22,'2009-11-29', '2010-10-27'),
(239, 828, 23,'2009-03-21', NULL),
(233, 840, 24,'2009-07-17', NULL),
(244, 826, 25,'2010-06-28', NULL),
(826, 834, 26,'2009-10-22', '2010-08-12'),
(232, 844, 27,'2010-08-15', NULL),
(238, 838, 28,'2009-03-19', NULL),
(243, 834, 29,'2010-01-02', NULL),
(830, 835, 30,'2009-10-03', '2010-07-05'),
(831, 845, 31,'2009-12-29', '2010-12-26'),
(251, 842, 32,'2010-06-28', NULL),
(248, 848, 33,'2009-11-07', NULL),
(834, 851, 34,'2009-02-11', '2009-03-24'),
(250, 846, 35,'2009-02-02', NULL),
(836, 849, 36,'2010-08-04', '2012-03-06'),
(242, 853, 37,'2009-11-22', NULL),
(257, 853, 38,'2009-12-09', NULL),
(252, 856, 39,'2009-08-04', NULL),
(840, 849, 40,'2010-02-03', '2011-03-08'),
(841, 854, 41,'2009-11-01', '2010-09-01'),
(250, 843, 42,'2009-03-26', NULL),
(262, 851, 43,'2009-03-27', NULL),
(844, 855, 44,'2009-07-04', '2010-01-04'),
(248, 855, 45,'2009-05-01', NULL),
(846, 853, 46,'2009-07-16', '2010-01-28'),
(847, 849, 47,'2009-05-17', '2009-09-30'),
(262, 863, 48,'2010-05-18', NULL),
(263, 864, 49,'2010-08-18', NULL),
(254, 854, 0,'2010-06-27', NULL),
(851, 867, 1,'2010-05-16', '2011-09-28'),
(265, 871, 2,'2010-08-07', NULL),
(853, 860, 3,'2010-04-09', '2011-07-16'),
(854, 873, 4,'2009-10-17', '2010-08-02'),
(855, 873, 5,'2009-04-26', '2009-08-19'),
(856, 858, 6,'2009-03-20', '2009-06-06'),
(857, 867, 7,'2009-05-17', '2009-09-30'),
(858, 863, 8,'2010-08-06', '2012-03-10'),
(859, 868, 9,'2010-01-22', '2011-02-12'),
(269, 877, 10,'2010-03-19', NULL),
(262, 864, 11,'2010-06-14', NULL),
(862, 876, 12,'2010-07-25', '2012-02-15'),
(863, 881, 13,'2009-02-21', '2009-04-13'),
(864, 877, 14,'2009-09-20', '2010-06-09'),
(865, 871, 15,'2010-08-17', '2012-04-01'),
(270, 868, 16,'2009-11-13', NULL),
(867, 883, 17,'2009-08-29', '2010-04-26'),
(868, 881, 18,'2010-03-19', '2011-06-04'),
(278, 877, 19,'2009-06-24', NULL),
(287, 881, 20,'2010-03-17', NULL),
(274, 876, 21,'2009-10-17', NULL),
(872, 881, 22,'2010-05-09', '2011-09-14'),
(873, 875, 23,'2009-10-13', '2010-07-25'),
(874, 875, 24,'2010-01-30', '2011-02-28'),
(875, 886, 25,'2010-01-17', '2011-02-02'),
(876, 890, 26,'2009-05-21', '2009-10-08'),
(294, 882, 27,'2010-06-13', NULL),
(297, 896, 28,'2009-05-28', NULL),
(879, 891, 29,'2009-06-06', '2009-11-09'),
(286, 895, 30,'2009-11-28', NULL),
(881, 882, 31,'2009-03-13', '2009-05-23'),
(882, 893, 32,'2009-07-25', '2010-02-15'),
(293, 884, 33,'2009-11-05', NULL),
(884, 890, 34,'2009-09-20', '2010-06-09'),
(294, 893, 35,'2009-04-29', NULL),
(886, 899, 36,'2009-11-30', '2010-10-29'),
(887, 889, 37,'2009-04-07', '2009-07-12'),
(888, 893, 38,'2010-02-22', '2011-04-15'),
(889, 894, 39,'2010-07-09', '2012-01-14'),
(890, 902, 40,'2009-03-30', '2009-06-26'),
(309, 895, 41,'2009-12-07', NULL),
(304, 900, 42,'2010-08-20', NULL),
(300, 911, 43,'2009-11-09', NULL),
(894, 900, 44,'2009-12-28', '2010-12-24'),
(307, 909, 45,'2009-03-25', NULL),
(311, 910, 46,'2009-07-30', NULL),
(314, 905, 47,'2009-04-13', NULL),
(304, 912, 48,'2009-10-22', NULL),
(315, 902, 49,'2009-10-23', NULL),
(900, 906, 0,'2009-05-07', '2009-09-10'),
(901, 908, 1,'2009-04-19', '2009-08-05'),
(902, 922, 2,'2009-05-17', '2009-09-30'),
(309, 921, 3,'2010-03-10', NULL),
(904, 915, 4,'2009-07-27', '2010-02-19'),
(306, 908, 5,'2010-05-25', NULL),
(324, 921, 6,'2009-04-09', NULL),
(907, 915, 7,'2009-08-25', '2010-04-18'),
(908, 926, 8,'2010-04-20', '2011-08-07'),
(909, 925, 9,'2009-03-16', '2009-05-29'),
(320, 930, 10,'2010-02-17', NULL),
(317, 915, 11,'2009-10-13', NULL),
(328, 930, 12,'2009-07-20', NULL),
(332, 922, 13,'2009-09-26', NULL),
(914, 921, 14,'2009-11-30', '2010-10-29'),
(915, 933, 15,'2010-01-15', '2011-01-29'),
(916, 932, 16,'2009-08-08', '2010-03-15'),
(332, 923, 17,'2009-12-18', NULL),
(324, 937, 18,'2009-07-17', NULL),
(919, 931, 19,'2009-11-29', '2010-10-27'),
(920, 925, 20,'2010-04-28', '2011-08-23'),
(921, 923, 21,'2010-01-24', '2011-02-16'),
(327, 923, 22,'2009-02-22', NULL),
(327, 932, 23,'2010-05-16', NULL),
(337, 937, 24,'2009-10-13', NULL),
(332, 938, 25,'2009-12-05', NULL),
(926, 927, 26,'2009-11-18', '2010-10-05'),
(340, 933, 27,'2010-02-19', NULL),
(338, 935, 28,'2010-02-02', NULL),
(340, 935, 29,'2009-12-28', NULL),
(930, 934, 30,'2010-04-29', '2011-08-25'),
(350, 944, 31,'2010-05-18', NULL),
(344, 950, 32,'2009-02-24', NULL),
(353, 935, 33,'2009-08-11', NULL),
(344, 939, 34,'2010-08-04', NULL),
(352, 948, 35,'2009-10-22', NULL),
(936, 946, 36,'2009-04-15', '2009-07-28'),
(937, 948, 37,'2009-10-28', '2010-08-24'),
(938, 950, 38,'2010-04-29', '2011-08-25'),
(939, 943, 39,'2010-04-30', '2011-08-27'),
(940, 957, 40,'2009-06-01', '2009-10-30'),
(941, 949, 41,'2009-10-23', '2010-08-14'),
(360, 947, 42,'2010-08-05', NULL),
(943, 955, 43,'2009-04-14', '2009-07-26'),
(944, 949, 44,'2009-12-01', '2010-10-31'),
(945, 947, 45,'2010-01-27', '2011-02-22'),
(946, 965, 46,'2009-04-01', '2009-06-30'),
(947, 963, 47,'2009-05-14', '2009-09-24'),
(362, 954, 48,'2009-03-16', NULL),
(949, 951, 49,'2010-08-16', '2012-03-30'),
(351, 967, 0,'2009-02-17', NULL),
(951, 967, 1,'2010-06-29', '2011-12-25'),
(366, 958, 2,'2009-07-17', NULL),
(362, 958, 3,'2009-10-13', NULL),
(954, 970, 4,'2010-05-29', '2011-10-24'),
(955, 968, 5,'2009-10-10', '2010-07-19'),
(364, 962, 6,'2009-04-28', NULL),
(361, 971, 7,'2010-02-18', NULL),
(958, 978, 8,'2010-07-17', '2012-01-30'),
(369, 978, 9,'2009-02-22', NULL),
(960, 961, 10,'2009-10-02', '2010-07-03'),
(961, 974, 11,'2009-07-21', '2010-02-07'),
(376, 963, 12,'2009-04-26', NULL),
(963, 976, 13,'2009-08-06', '2010-03-11'),
(964, 984, 14,'2009-11-17', '2010-10-03'),
(367, 972, 15,'2009-04-09', NULL),
(375, 967, 16,'2010-08-06', NULL),
(967, 975, 17,'2010-06-28', '2011-12-23'),
(968, 971, 18,'2009-09-11', '2010-05-22'),
(969, 987, 19,'2009-08-13', '2010-03-25'),
(373, 982, 20,'2009-02-25', NULL),
(971, 983, 21,'2009-05-24', '2009-10-14'),
(383, 977, 22,'2010-02-20', NULL),
(381, 992, 23,'2009-06-14', NULL),
(974, 991, 24,'2010-05-14', '2011-09-24'),
(382, 985, 25,'2009-08-12', NULL),
(379, 982, 26,'2009-06-09', NULL),
(977, 981, 27,'2009-04-20', '2009-08-07'),
(395, 994, 28,'2010-01-30', NULL),
(979, 986, 29,'2009-04-23', '2009-08-13'),
(387, 992, 30,'2010-02-02', NULL),
(395, 990, 31,'2010-05-01', NULL),
(399, 991, 32,'2009-07-15', NULL),
(400, 999, 33,'2010-06-02', NULL),
(984, 986, 34,'2009-06-08', '2009-11-13'),
(985, 994, 35,'2010-05-26', '2011-10-18'),
(986, 3, 36,'2010-05-21', '2011-10-08'),
(397, 6, 37,'2009-04-26', NULL),
(403, 995, 38,'2010-06-16', NULL),
(989, 994, 39,'2009-09-22', '2010-06-13'),
(990, 999, 40,'2009-10-06', '2010-07-11'),
(991, 1, 41,'2009-03-31', '2009-06-28'),
(992, 12, 42,'2009-03-14', '2009-05-25'),
(993, 7, 43,'2009-07-22', '2010-02-09'),
(398, 1, 44,'2009-08-04', NULL),
(995, 8, 45,'2009-12-28', '2010-12-24'),
(996, 14, 46,'2010-05-01', '2011-08-29'),
(402, 16, 47,'2010-01-10', NULL),
(998, 1, 48,'2009-10-09', '2010-07-17'),
(411, 13, 49,'2009-03-21', NULL),
(419, 10, 0,'2009-11-11', NULL),
(421, 18, 1,'2009-09-21', NULL),
(1002, 15, 2,'2009-06-06', '2009-11-09'),
(1003, 9, 3,'2010-04-11', '2011-07-20'),
(410, 10, 4,'2010-06-18', NULL),
(406, 8, 5,'2009-12-06', NULL),
(1006, 10, 6,'2009-06-25', '2009-12-17'),
(1007, 18, 7,'2009-09-10', '2010-05-20'),
(1008, 25, 8,'2010-02-17', '2011-04-05'),
(1009, 14, 9,'2009-03-25', '2009-06-16'),
(424, 25, 10,'2009-03-11', NULL),
(413, 29, 11,'2009-10-29', NULL),
(425, 23, 12,'2010-01-10', NULL),
(416, 33, 13,'2009-09-11', NULL),
(1014, 29, 14,'2010-05-02', '2011-08-31'),
(1015, 20, 15,'2009-12-01', '2010-10-31'),
(430, 28, 16,'2009-03-05', NULL),
(1017, 19, 17,'2009-06-10', '2009-11-17'),
(423, 23, 18,'2009-07-12', NULL),
(1019, 30, 19,'2009-12-01', '2010-10-31'),
(1020, 25, 20,'2009-11-26', '2010-10-21'),
(434, 36, 21,'2009-06-06', NULL),
(1022, 28, 22,'2010-02-05', '2011-03-12'),
(1023, 24, 23,'2010-07-07', '2012-01-10'),
(434, 44, 24,'2009-08-12', NULL),
(1025, 41, 25,'2009-09-14', '2010-05-28'),
(1026, 27, 26,'2009-11-18', '2010-10-05'),
(447, 32, 27,'2009-04-22', NULL),
(448, 43, 28,'2010-02-24', NULL),
(1029, 48, 29,'2010-01-28', '2011-02-24'),
(447, 40, 30,'2010-02-16', NULL),
(433, 37, 31,'2009-07-19', NULL),
(441, 38, 32,'2009-02-13', NULL),
(1033, 47, 33,'2009-06-05', '2009-11-07'),
(1034, 50, 34,'2009-10-19', '2010-08-06'),
(440, 39, 35,'2010-04-07', NULL),
(1036, 52, 36,'2010-07-12', '2012-01-20'),
(1037, 43, 37,'2009-05-10', '2009-09-16'),
(1038, 58, 38,'2009-07-09', '2010-01-14'),
(1039, 42, 39,'2010-07-17', '2012-01-30'),
(1040, 57, 40,'2009-07-17', '2010-01-30'),
(1041, 42, 41,'2009-08-27', '2010-04-22'),
(456, 61, 42,'2010-04-13', NULL),
(459, 50, 43,'2009-09-28', NULL),
(452, 59, 44,'2009-04-19', NULL),
(1045, 61, 45,'2009-11-09', '2010-09-17'),
(451, 50, 46,'2009-11-27', NULL),
(456, 67, 47,'2009-03-01', NULL),
(457, 56, 48,'2009-11-20', NULL),
(465, 57, 49,'2009-02-05', NULL),
(1050, 60, 0,'2009-11-23', '2010-10-15'),
(1051, 57, 1,'2009-11-16', '2010-10-01'),
(468, 60, 2,'2009-09-22', NULL),
(471, 72, 3,'2010-01-26', NULL),
(1054, 59, 4,'2010-07-30', '2012-02-25'),
(1055, 67, 5,'2009-04-02', '2009-07-02'),
(1056, 61, 6,'2009-04-04', '2009-07-06'),
(1057, 74, 7,'2009-08-19', '2010-04-06'),
(462, 74, 8,'2009-08-30', NULL),
(1059, 76, 9,'2009-04-30', '2009-08-27'),
(470, 71, 10,'2009-12-22', NULL),
(1061, 63, 11,'2010-08-24', '2012-04-15'),
(1062, 72, 12,'2009-09-09', '2010-05-18'),
(470, 77, 13,'2010-03-04', NULL),
(484, 83, 14,'2009-05-02', NULL),
(1065, 71, 15,'2010-06-01', '2011-10-30'),
(470, 67, 16,'2009-10-21', NULL),
(470, 85, 17,'2009-05-18', NULL),
(1068, 84, 18,'2010-06-05', '2011-11-07'),
(486, 70, 19,'2009-03-23', NULL),
(473, 76, 20,'2009-03-10', NULL),
(1071, 74, 21,'2010-07-19', '2012-02-03'),
(477, 88, 22,'2010-02-10', NULL),
(477, 77, 23,'2009-02-01', NULL),
(489, 86, 24,'2010-07-04', NULL),
(1075, 81, 25,'2010-03-28', '2011-06-22'),
(1076, 82, 26,'2009-09-23', '2010-06-15'),
(1077, 92, 27,'2009-04-30', '2009-08-27'),
(498, 91, 28,'2010-05-15', NULL),
(496, 86, 29,'2009-03-22', NULL),
(1080, 93, 30,'2010-03-30', '2011-06-26'),
(483, 96, 31,'2009-11-06', NULL),
(488, 87, 32,'2009-03-27', NULL),
(491, 102, 33,'2009-11-05', NULL),
(1084, 91, 34,'2009-10-04', '2010-07-07'),
(1085, 94, 35,'2009-06-27', '2009-12-21'),
(1086, 102, 36,'2009-01-31', '2009-03-02'),
(1087, 98, 37,'2009-07-08', '2010-01-12'),
(1088, 105, 38,'2010-02-18', '2011-04-07'),
(492, 95, 39,'2009-06-16', NULL),
(508, 107, 40,'2010-01-08', NULL),
(1091, 100, 41,'2010-07-19', '2012-02-03'),
(1092, 103, 42,'2010-01-08', '2011-01-15'),
(1093, 98, 43,'2009-02-08', '2009-03-18'),
(507, 108, 44,'2009-02-05', NULL),
(504, 113, 45,'2010-07-03', NULL),
(502, 116, 46,'2009-08-18', NULL),
(514, 100, 47,'2009-02-16', NULL),
(511, 110, 48,'2009-11-27', NULL),
(505, 106, 49,'2010-05-02', NULL);

select * from auto;
select * from cliente;
select * from concessionaria;
select * from deposito;
select * from transazione;

